Matricula,NombreCompleto,Empresa,Correo,Puesto,Responsable,UnidadOrganizativa,ResponsableUnidad,FechaAltaRRHH,IndicadorEstructura,SuccessID,TipoRegistro,Estado,ComputaHC,OrigenPlaza,Programa,FechaPrevistaAlta,FechaRealAlta,FechaPrevistaBaja,FechaRealBaja,MesEfecto,ImpactoHC,IDPlaza,MatriculaSustituida,Motivo,Observaciones,Fuente,EstadoCalidad,DatoSintetico
SYN-0001,Aina Demo Bosch Duran,Empresa Demo Corporativa,syn-0001@demo.hccontrol.local,Dirección General,Nuria Demo Valls,Dirección General,Nuria Demo Valls,2019-04-06,Si,SID-0001,Base,Activo,Si,Estructural,Regular,,,,,2026-08,0,PLZ-0001,,Fotografía de cierre agosto 2026.,Dato sintético. Base autorizada.,RRHH,Completo,Si
SYN-0002,Bruno Demo Casals Grau,Empresa Demo Corporativa,syn-0002@demo.hccontrol.local,Adjuntía de Dirección,Nuria Demo Valls,Dirección General,Nuria Demo Valls,2020-07-11,Si,SID-0002,Base,Activo,Si,Estructural,Regular,,,,,2026-08,0,PLZ-0002,,Fotografía de cierre agosto 2026.,Dato sintético. Base autorizada.,RRHH,Completo,Si
SYN-0003,Carla Demo Duran Jové,Empresa Demo Corporativa,syn-0003@demo.hccontrol.local,Secretaría de Dirección,Nuria Demo Valls,Dirección General,Nuria Demo Valls,2021-10-16,Si,SID-0003,Base,Activo,Si,Estructural,Regular,,,,,2026-08,0,PLZ-0003,,Fotografía de cierre agosto 2026.,Dato sintético. Base autorizada.,RRHH,Completo,Si
SYN-0004,Duna Demo Espasa Nadal,Empresa Demo Corporativa,syn-0004@demo.hccontrol.local,Staff de Dirección,Nuria Demo Valls,Dirección General,Nuria Demo Valls,2022-01-21,Si,SID-0004,Base,Activo,Si,Estructural,Regular,,,,,2026-08,0,PLZ-0004,,Fotografía de cierre agosto 2026.,Dato sintético. Base autorizada.,RRHH,Completo,Si
SYN-0005,Enric Demo Font Rius,Empresa Demo Corporativa,syn-0005@demo.hccontrol.local,Controller,Hugo Demo Serra,Finanzas,Hugo Demo Serra,2023-04-26,Si,SID-0005,Base,Activo,Si,Estructural,Regular,,,,,2026-08,0,PLZ-0005,,Fotografía de cierre agosto 2026.,Dato sintético. Base autorizada.,RRHH,Completo,Si
SYN-0006,Ferran Demo Grau Ubach,Empresa Demo Corporativa,syn-0006@demo.hccontrol.local,Analista financiero,Hugo Demo Serra,Finanzas,Hugo Demo Serra,2024-07-04,Si,SID-0006,Base,Activo,Si,Estructural,Regular,,,,,2026-08,0,PLZ-0006,,Fotografía de cierre agosto 2026.,Dato sintético. Base autorizada.,RRHH,Completo,Si
SYN-0007,Gala Demo Homs Bosch,Empresa Demo Corporativa,syn-0007@demo.hccontrol.local,Tesorería,Hugo Demo Serra,Finanzas,Hugo Demo Serra,2025-10-09,Si,SID-0007,Base,Activo,Si,Estructural,Regular,,,,,2026-08,0,PLZ-0007,,Fotografía de cierre agosto 2026.,Dato sintético. Base autorizada. Duplicidad detectada en registro paralelo de calidad.,RRHH,Duplicado,Si
SYN-0008,Helena Demo Isern Espasa,Empresa Demo Corporativa,syn-0008@demo.hccontrol.local,Consolidación,Hugo Demo Serra,Finanzas,Hugo Demo Serra,2018-01-14,Si,SID-0008,Base,Activo,Si,Estructural,Regular,,,,,2026-08,0,PLZ-0008,,Fotografía de cierre agosto 2026.,Dato sintético. Base autorizada.,RRHH,Completo,Si
SYN-0009,Iria Demo Jové Homs,Empresa Demo Corporativa,syn-0009@demo.hccontrol.local,Fiscalidad,Hugo Demo Serra,Finanzas,Hugo Demo Serra,2019-04-19,Si,SID-0009,Base,Activo,Si,Estructural,Regular,,,,,2026-08,0,PLZ-0009,,Fotografía de cierre agosto 2026.,Dato sintético. Base autorizada.,RRHH,Completo,Si
SYN-0010,Joel Demo Llobet Llobet,Empresa Demo Corporativa,syn-0010@demo.hccontrol.local,Reporting,Hugo Demo Serra,Finanzas,Hugo Demo Serra,2020-07-24,Si,SID-0010,Base,Activo,Si,Estructural,Regular,,,,,2026-08,0,PLZ-0010,,Fotografía de cierre agosto 2026.,Dato sintético. Base autorizada.,RRHH,Completo,Si
SYN-0011,Laia Demo Miró Olivé,Empresa Demo Corporativa,syn-0011@demo.hccontrol.local,Controller,Hugo Demo Serra,Finanzas,Hugo Demo Serra,2021-10-02,Si,SID-0011,Base,Activo,Si,Estructural,Regular,,,,,2026-08,0,PLZ-0011,,Fotografía de cierre agosto 2026.,Dato sintético. Base autorizada.,RRHH,Completo,Si
SYN-0012,Marc Demo Nadal Serra,Empresa Demo Corporativa,syn-0012@demo.hccontrol.local,Analista financiero,Hugo Demo Serra,Finanzas,Hugo Demo Serra,2022-01-07,Si,SID-0012,Base,Activo,Si,Estructural,Regular,,,,,2026-08,0,PLZ-0012,,Fotografía de cierre agosto 2026.,Dato sintético. Base autorizada.,RRHH,Completo,Si
SYN-0013,Noa Demo Olivé Vidal,Empresa Demo Corporativa,syn-0013@demo.hccontrol.local,Tesorería,Hugo Demo Serra,Finanzas,Hugo Demo Serra,2023-04-12,Si,SID-0013,Base,Activo,Si,Estructural,Regular,,,,,2026-08,0,PLZ-0013,,Fotografía de cierre agosto 2026.,Dato sintético. Base autorizada.,RRHH,Completo,Si
SYN-0014,Ona Demo Pujol Casals,Empresa Demo Corporativa,syn-0014@demo.hccontrol.local,Consolidación,Hugo Demo Serra,Finanzas,Hugo Demo Serra,2024-07-17,Si,SID-0014,Base,Activo,Si,Estructural,Regular,,,,,2026-08,0,PLZ-0014,,Fotografía de cierre agosto 2026.,Dato sintético. Base autorizada.,RRHH,Completo,Si
SYN-0015,Pau Demo Rius Font,Empresa Demo Corporativa,syn-0015@demo.hccontrol.local,Fiscalidad,Hugo Demo Serra,Finanzas,Hugo Demo Serra,2025-10-22,Si,SID-0015,Base,Activo,Si,Estructural,Regular,,,,,2026-08,0,PLZ-0015,,Fotografía de cierre agosto 2026.,Dato sintético. Base autorizada.,RRHH,Completo,Si
SYN-0016,Queralt Demo Serra Isern,Empresa Demo Corporativa,syn-0016@demo.hccontrol.local,Reporting,Hugo Demo Serra,Finanzas,Hugo Demo Serra,2018-01-27,Si,SID-0016,Base,Activo,Si,Estructural,Regular,,,,,2026-08,0,PLZ-0016,,Fotografía de cierre agosto 2026.,Dato sintético. Base autorizada.,RRHH,Completo,Si
SYN-0017,Roc Demo Tormo Miró,Empresa Demo Corporativa,syn-0017@demo.hccontrol.local,Controller,Hugo Demo Serra,Finanzas,Hugo Demo Serra,2019-04-05,Si,SID-0017,Base,Activo,Si,Estructural,Regular,,,,,2026-08,0,PLZ-0017,,Fotografía de cierre agosto 2026.,Dato sintético. Base autorizada.,RRHH,Completo,Si
SYN-0018,Salma Demo Ubach Pujol,Empresa Demo Corporativa,syn-0018@demo.hccontrol.local,Analista financiero,Hugo Demo Serra,Finanzas,Hugo Demo Serra,2020-07-10,Si,SID-0018,Base,Activo,Si,Estructural,Regular,,,,,2026-08,0,PLZ-0018,,Fotografía de cierre agosto 2026.,Dato sintético. Base autorizada.,RRHH,Completo,Si
SYN-0019,Toni Demo Vidal Tormo,Empresa Demo Corporativa,syn-0019@demo.hccontrol.local,Tesorería,Hugo Demo Serra,Finanzas,Hugo Demo Serra,2021-10-15,Si,SID-0019,Base,Activo,Si,Estructural,Regular,,,,,2026-08,0,PLZ-0019,,Fotografía de cierre agosto 2026.,Dato sintético. Base autorizada.,RRHH,Completo,Si
SYN-0020,Unai Demo Alba Alba,Empresa Demo Corporativa,syn-0020@demo.hccontrol.local,Consolidación,Hugo Demo Serra,Finanzas,Hugo Demo Serra,2022-01-20,Si,SID-0020,Base,Activo,Si,Estructural,Regular,,,,,2026-08,0,PLZ-0020,,Fotografía de cierre agosto 2026.,Dato sintético. Base autorizada.,RRHH,Completo,Si
SYN-0021,Vera Demo Bosch Duran,Empresa Demo Corporativa,syn-0021@demo.hccontrol.local,Fiscalidad,Hugo Demo Serra,Finanzas,Hugo Demo Serra,2023-04-25,Si,SID-0021,Base,Activo,Si,Estructural,Regular,,,,,2026-08,0,PLZ-0021,,Fotografía de cierre agosto 2026.,Dato sintético. Base autorizada.,RRHH,Completo,Si
SYN-0022,Xenia Demo Casals Grau,Empresa Demo Corporativa,syn-0022@demo.hccontrol.local,Reporting,Hugo Demo Serra,Finanzas,Hugo Demo Serra,2024-07-03,Si,SID-0022,Base,Activo,Si,Estructural,Regular,,,,,2026-08,0,PLZ-0022,,Fotografía de cierre agosto 2026.,Dato sintético. Base autorizada.,RRHH,Completo,Si
SYN-0023,Yago Demo Duran Jové,Empresa Demo Corporativa,syn-0023@demo.hccontrol.local,Controller,Hugo Demo Serra,Finanzas,Hugo Demo Serra,2025-10-08,Si,SID-0023,Base,Activo,Si,Estructural,Regular,,,,,2026-08,0,PLZ-0023,,Fotografía de cierre agosto 2026.,Dato sintético. Base autorizada.,RRHH,Completo,Si
SYN-0024,Zoe Demo Espasa Nadal,Empresa Demo Corporativa,syn-0024@demo.hccontrol.local,Analista financiero,Hugo Demo Serra,Finanzas,Hugo Demo Serra,2018-01-13,Si,SID-0024,Base,Activo,Si,Estructural,Regular,,,,,2026-08,0,PLZ-0024,,Fotografía de cierre agosto 2026.,Dato sintético. Base autorizada.,RRHH,Completo,Si
SYN-0025,Berta Demo Font Rius,Empresa Demo Corporativa,syn-0025@demo.hccontrol.local,Tesorería,Hugo Demo Serra,Finanzas,Hugo Demo Serra,2019-04-18,Si,SID-0025,Base,Activo,Si,Estructural,Regular,,,,,2026-08,0,PLZ-0025,,Fotografía de cierre agosto 2026.,Dato sintético. Base autorizada.,RRHH,Completo,Si
SYN-0026,Cesc Demo Grau Ubach,Empresa Demo Corporativa,syn-0026@demo.hccontrol.local,Consolidación,Hugo Demo Serra,Finanzas,Hugo Demo Serra,2020-07-23,Si,SID-0026,Base,Activo,Si,Estructural,Regular,,,,,2026-08,0,PLZ-0026,,Fotografía de cierre agosto 2026.,Dato sintético. Base autorizada.,RRHH,Completo,Si
SYN-0027,Dídac Demo Homs Bosch,Empresa Demo Corporativa,syn-0027@demo.hccontrol.local,Fiscalidad,Hugo Demo Serra,Finanzas,Hugo Demo Serra,2021-10-01,Si,SID-0027,Base,Activo,Si,Estructural,Regular,,,,,2026-08,0,PLZ-0027,,Fotografía de cierre agosto 2026.,Dato sintético. Base autorizada.,RRHH,Completo,Si
SYN-0028,Emma Demo Isern Espasa,Empresa Demo Corporativa,syn-0028@demo.hccontrol.local,Reporting,Hugo Demo Serra,Finanzas,Hugo Demo Serra,2022-01-06,Si,SID-0028,Base,Activo,Si,Estructural,Regular,,,,,2026-08,0,PLZ-0028,,Fotografía de cierre agosto 2026.,Dato sintético. Base autorizada.,RRHH,Completo,Si
SYN-0029,Fran Demo Jové Homs,Empresa Demo Corporativa,syn-0029@demo.hccontrol.local,Controller,Hugo Demo Serra,Finanzas,Hugo Demo Serra,2023-04-11,Si,SID-0029,Base,Activo,Si,Estructural,Regular,,,,,2026-08,0,PLZ-0029,,Fotografía de cierre agosto 2026.,Dato sintético. Base autorizada.,RRHH,Completo,Si
SYN-0030,Alex Demo Llobet Llobet,Empresa Demo Corporativa,syn-0030@demo.hccontrol.local,Analista financiero,Hugo Demo Serra,Finanzas,Hugo Demo Serra,2024-07-16,Si,SID-0030,Base,Activo,Si,Estructural,Regular,,,,,2026-08,0,PLZ-0030,,Fotografía de cierre agosto 2026.,Dato sintético. Base autorizada.,RRHH,Completo,Si
SYN-0031,Aina Demo Miró Olivé,Empresa Demo Corporativa,syn-0031@demo.hccontrol.local,Tesorería,Hugo Demo Serra,Finanzas,Hugo Demo Serra,2025-10-21,Si,SID-0031,Base,Activo,Si,Estructural,Regular,,,,,2026-08,0,PLZ-0031,,Fotografía de cierre agosto 2026.,Dato sintético. Base autorizada.,RRHH,Completo,Si
SYN-0032,Bruno Demo Nadal Serra,Empresa Demo Corporativa,syn-0032@demo.hccontrol.local,Consolidación,Hugo Demo Serra,Finanzas,Hugo Demo Serra,2018-01-26,Si,SID-0032,Base,Activo,Si,Estructural,Regular,,,,,2026-08,0,PLZ-0032,,Fotografía de cierre agosto 2026.,Dato sintético. Base autorizada.,RRHH,Completo,Si
SYN-0033,Carla Demo Olivé Vidal,Empresa Demo Corporativa,syn-0033@demo.hccontrol.local,Fiscalidad,Hugo Demo Serra,Finanzas,Hugo Demo Serra,2019-04-04,Si,SID-0033,Base,Activo,Si,Estructural,Regular,,,,,2026-08,0,PLZ-0033,,Fotografía de cierre agosto 2026.,Dato sintético. Base autorizada.,RRHH,Completo,Si
SYN-0034,Duna Demo Pujol Casals,Empresa Demo Corporativa,syn-0034@demo.hccontrol.local,Reporting,Hugo Demo Serra,Finanzas,Hugo Demo Serra,2020-07-09,Si,SID-0034,Base,Activo,Si,Estructural,Regular,,,,,2026-08,0,PLZ-0034,,Fotografía de cierre agosto 2026.,Dato sintético. Base autorizada.,RRHH,Completo,Si
SYN-0035,Enric Demo Rius Font,Empresa Demo Corporativa,syn-0035@demo.hccontrol.local,Controller,Hugo Demo Serra,Finanzas,Hugo Demo Serra,2021-10-14,Si,SID-0035,Base,Activo,Si,Estructural,Regular,,,,,2026-08,0,PLZ-0035,,Fotografía de cierre agosto 2026.,Dato sintético. Base autorizada.,RRHH,Completo,Si
SYN-0036,Ferran Demo Serra Isern,Empresa Demo Corporativa,syn-0036@demo.hccontrol.local,Analista financiero,Hugo Demo Serra,Finanzas,Hugo Demo Serra,2022-01-19,Si,SID-0036,Base,Activo,Si,Estructural,Regular,,,,,2026-08,0,PLZ-0036,,Fotografía de cierre agosto 2026.,Dato sintético. Base autorizada.,RRHH,Completo,Si
SYN-0037,Gala Demo Tormo Miró,Empresa Demo Corporativa,syn-0037@demo.hccontrol.local,Tesorería,Hugo Demo Serra,Finanzas,Hugo Demo Serra,2023-04-24,Si,SID-0037,Base,Activo,Si,Estructural,Regular,,,,,2026-08,0,PLZ-0037,,Fotografía de cierre agosto 2026.,Dato sintético. Base autorizada.,RRHH,Completo,Si
SYN-0038,Helena Demo Ubach Pujol,Empresa Demo Corporativa,syn-0038@demo.hccontrol.local,Consolidación,Hugo Demo Serra,Finanzas,Hugo Demo Serra,2024-07-02,Si,SID-0038,Base,Activo,Si,Estructural,Regular,,,,,2026-08,0,PLZ-0038,,Fotografía de cierre agosto 2026.,Dato sintético. Base autorizada.,RRHH,Completo,Si
SYN-0039,Iria Demo Vidal Tormo,Empresa Demo Corporativa,syn-0039@demo.hccontrol.local,Fiscalidad,Hugo Demo Serra,Finanzas,Hugo Demo Serra,2025-10-07,Si,SID-0039,Base,Activo,Si,Estructural,Regular,,,,,2026-08,0,PLZ-0039,,Fotografía de cierre agosto 2026.,Dato sintético. Base autorizada.,RRHH,Completo,Si
SYN-0040,Joel Demo Alba Alba,Empresa Demo Corporativa,syn-0040@demo.hccontrol.local,Reporting,Hugo Demo Serra,Finanzas,Hugo Demo Serra,2018-01-12,Si,SID-0040,Base,Activo,Si,Estructural,Regular,,,,,2026-08,0,PLZ-0040,,Fotografía de cierre agosto 2026.,Dato sintético. Base autorizada.,RRHH,Completo,Si
SYN-0041,Laia Demo Bosch Duran,Empresa Demo Corporativa,syn-0041@demo.hccontrol.local,Controller,Hugo Demo Serra,Finanzas,Hugo Demo Serra,2019-04-17,Si,SID-0041,Base,Activo,Si,Estructural,Regular,,,,,2026-08,0,PLZ-0041,,Fotografía de cierre agosto 2026.,Dato sintético. Base autorizada.,RRHH,Completo,Si
SYN-0042,Marc Demo Casals Grau,Empresa Demo Corporativa,syn-0042@demo.hccontrol.local,Analista financiero,Hugo Demo Serra,Finanzas,Hugo Demo Serra,2020-07-22,Si,SID-0042,Base,Activo,Si,Estructural,Regular,,,,,2026-08,0,PLZ-0042,,Fotografía de cierre agosto 2026.,Dato sintético. Base autorizada.,RRHH,Completo,Si
SYN-0043,Noa Demo Duran Jové,Empresa Demo Corporativa,syn-0043@demo.hccontrol.local,Tesorería,Hugo Demo Serra,Finanzas,Hugo Demo Serra,2021-10-27,Si,SID-0043,Base,Activo,Si,Estructural,Regular,,,,,2026-08,0,PLZ-0043,,Fotografía de cierre agosto 2026.,Dato sintético. Base autorizada.,RRHH,Completo,Si
SYN-0044,Ona Demo Espasa Nadal,Empresa Demo Corporativa,syn-0044@demo.hccontrol.local,Consolidación,Hugo Demo Serra,Finanzas,Hugo Demo Serra,2022-01-05,Si,SID-0044,Base,Activo,Si,Estructural,Regular,,,,,2026-08,0,PLZ-0044,,Fotografía de cierre agosto 2026.,Dato sintético. Base autorizada.,RRHH,Completo,Si
SYN-0045,Pau Demo Font Rius,Empresa Demo Corporativa,syn-0045@demo.hccontrol.local,Fiscalidad,Hugo Demo Serra,Finanzas,Hugo Demo Serra,2023-04-10,Si,SID-0045,Base,Activo,Si,Estructural,Regular,,,,,2026-08,0,PLZ-0045,,Fotografía de cierre agosto 2026.,Dato sintético. Base autorizada.,RRHH,Completo,Si
SYN-0046,Queralt Demo Grau Ubach,Empresa Demo Corporativa,syn-0046@demo.hccontrol.local,Reporting,Hugo Demo Serra,Finanzas,Hugo Demo Serra,2024-07-15,Si,SID-0046,Base,Activo,Si,Estructural,Regular,,,,,2026-08,0,PLZ-0046,,Fotografía de cierre agosto 2026.,Dato sintético. Base autorizada.,RRHH,Completo,Si
SYN-0047,Roc Demo Homs Bosch,Empresa Demo Corporativa,syn-0047@demo.hccontrol.local,Controller,Hugo Demo Serra,Finanzas,Hugo Demo Serra,2025-10-20,Si,SID-0047,Base,Activo,Si,Estructural,Regular,,,,,2026-08,0,PLZ-0047,,Fotografía de cierre agosto 2026.,Dato sintético. Base autorizada.,RRHH,Completo,Si
SYN-0048,Salma Demo Isern Espasa,Empresa Demo Corporativa,syn-0048@demo.hccontrol.local,Analista financiero,Hugo Demo Serra,Finanzas,Hugo Demo Serra,2018-01-25,Si,SID-0048,Base,Activo,Si,Estructural,Regular,,,,,2026-08,0,PLZ-0048,,Fotografía de cierre agosto 2026.,Dato sintético. Base autorizada.,RRHH,Completo,Si
SYN-0049,Toni Demo Jové Homs,Empresa Demo Corporativa,syn-0049@demo.hccontrol.local,Tesorería,Hugo Demo Serra,Finanzas,Hugo Demo Serra,2019-04-03,Si,SID-0049,Base,Activo,Si,Estructural,Regular,,,,,2026-08,0,PLZ-0049,,Fotografía de cierre agosto 2026.,Dato sintético. Base autorizada.,RRHH,Completo,Si
SYN-0050,Unai Demo Llobet Llobet,Empresa Demo Corporativa,syn-0050@demo.hccontrol.local,Consolidación,Hugo Demo Serra,Finanzas,Hugo Demo Serra,2020-07-08,Si,SID-0050,Base,Activo,Si,Estructural,Regular,,,,,2026-08,0,PLZ-0050,,Fotografía de cierre agosto 2026.,Dato sintético. Base autorizada.,RRHH,Completo,Si
SYN-0051,Vera Demo Miró Olivé,Empresa Demo Corporativa,syn-0051@demo.hccontrol.local,Fiscalidad,Hugo Demo Serra,Finanzas,Hugo Demo Serra,2021-10-13,Si,SID-0051,Base,Activo,Si,Estructural,Regular,,,,,2026-08,0,PLZ-0051,,Fotografía de cierre agosto 2026.,Dato sintético. Base autorizada.,RRHH,Completo,Si
SYN-0052,Xenia Demo Nadal Serra,Empresa Demo Corporativa,syn-0052@demo.hccontrol.local,Reporting,Hugo Demo Serra,Finanzas,Hugo Demo Serra,2022-01-18,Si,SID-0052,Base,Activo,Si,Estructural,Regular,,,,,2026-08,0,PLZ-0052,,Fotografía de cierre agosto 2026.,Dato sintético. Base autorizada.,RRHH,Completo,Si
SYN-0053,Yago Demo Olivé Vidal,Empresa Demo Corporativa,syn-0053@demo.hccontrol.local,Controller,Hugo Demo Serra,Finanzas,Hugo Demo Serra,2023-04-23,Si,SID-0053,Base,Activo,Si,Estructural,Regular,,,,,2026-08,0,PLZ-0053,,Fotografía de cierre agosto 2026.,Dato sintético. Base autorizada.,RRHH,Completo,Si
SYN-0054,Zoe Demo Pujol Casals,Empresa Demo Corporativa,syn-0054@demo.hccontrol.local,Analista financiero,Hugo Demo Serra,Finanzas,Hugo Demo Serra,2024-07-01,Si,SID-0054,Base,Activo,Si,Estructural,Regular,,,,,2026-08,0,PLZ-0054,,Fotografía de cierre agosto 2026.,Dato sintético. Base autorizada.,RRHH,Completo,Si
SYN-0055,Berta Demo Rius Font,Empresa Demo Corporativa,syn-0055@demo.hccontrol.local,Tesorería,Hugo Demo Serra,Finanzas,Hugo Demo Serra,2025-10-06,Si,SID-0055,Base,Activo,Si,Estructural,Regular,,,,,2026-08,0,PLZ-0055,,Fotografía de cierre agosto 2026.,Dato sintético. Base autorizada.,RRHH,Completo,Si
SYN-0056,Cesc Demo Serra Isern,Empresa Demo Corporativa,syn-0056@demo.hccontrol.local,Consolidación,Hugo Demo Serra,Finanzas,Hugo Demo Serra,2018-01-11,Si,SID-0056,Base,Activo,Si,Estructural,Regular,,,,,2026-08,0,PLZ-0056,,Fotografía de cierre agosto 2026.,Dato sintético. Base autorizada.,RRHH,Completo,Si
SYN-0057,Dídac Demo Tormo Miró,Empresa Demo Servicios,syn-0057@demo.hccontrol.local,Coordinación de operaciones,Marta Demo Rius,Operaciones,Marta Demo Rius,2019-04-16,Si,SID-0057,Base,Activo,Si,Estructural,Regular,,,,,2026-08,0,PLZ-0057,,Fotografía de cierre agosto 2026.,Dato sintético. Base autorizada.,RRHH,Completo,Si
SYN-0058,Emma Demo Ubach Pujol,Empresa Demo Servicios,syn-0058@demo.hccontrol.local,Supervisor/a de planta,Marta Demo Rius,Operaciones,Marta Demo Rius,2020-07-21,Si,SID-0058,Base,Activo,Si,Estructural,Regular,,,,,2026-08,0,PLZ-0058,,Fotografía de cierre agosto 2026.,Dato sintético. Base autorizada.,RRHH,Completo,Si
SYN-0059,Fran Demo Vidal Tormo,Empresa Demo Servicios,syn-0059@demo.hccontrol.local,Técnico/a de operaciones,Marta Demo Rius,Operaciones,Marta Demo Rius,2021-10-26,Si,SID-0059,Base,Activo,Si,Estructural,Regular,,,,,2026-08,0,PLZ-0059,,Fotografía de cierre agosto 2026.,Dato sintético. Base autorizada.,RRHH,Completo,Si
SYN-0060,Alex Demo Alba Alba,Empresa Demo Servicios,syn-0060@demo.hccontrol.local,Planificación,Marta Demo Rius,Operaciones,Marta Demo Rius,2022-01-04,Si,SID-0060,Base,Activo,Si,Estructural,Regular,,,,,2026-08,0,PLZ-0060,,Fotografía de cierre agosto 2026.,Dato sintético. Base autorizada.,RRHH,Completo,Si
SYN-0061,Aina Demo Bosch Duran,Empresa Demo Servicios,syn-0061@demo.hccontrol.local,Logística,Marta Demo Rius,Operaciones,Marta Demo Rius,2023-04-09,Si,SID-0061,Base,Activo,Si,Estructural,Regular,,,,,2026-08,0,PLZ-0061,,Fotografía de cierre agosto 2026.,Dato sintético. Base autorizada.,RRHH,Completo,Si
SYN-0062,Bruno Demo Casals Grau,Empresa Demo Servicios,syn-0062@demo.hccontrol.local,Coordinación de operaciones,Marta Demo Rius,Operaciones,Marta Demo Rius,2024-07-14,Si,SID-0062,Base,Activo,Si,Estructural,Regular,,,,,2026-08,0,PLZ-0062,,Fotografía de cierre agosto 2026.,Dato sintético. Base autorizada.,RRHH,Completo,Si
SYN-0063,Carla Demo Duran Jové,Empresa Demo Servicios,syn-0063@demo.hccontrol.local,Supervisor/a de planta,Marta Demo Rius,Operaciones,Marta Demo Rius,2025-10-19,Si,SID-0063,Base,Activo,Si,Estructural,Regular,,,,,2026-08,0,PLZ-0063,,Fotografía de cierre agosto 2026.,Dato sintético. Base autorizada.,RRHH,Completo,Si
SYN-0064,Duna Demo Espasa Nadal,Empresa Demo Servicios,syn-0064@demo.hccontrol.local,Técnico/a de operaciones,Marta Demo Rius,Operaciones,Marta Demo Rius,2018-01-24,Si,SID-0064,Base,Activo,Si,Estructural,Regular,,,,,2026-08,0,PLZ-0064,,Fotografía de cierre agosto 2026.,Dato sintético. Base autorizada.,RRHH,Completo,Si
SYN-0065,Enric Demo Font Rius,Empresa Demo Servicios,syn-0065@demo.hccontrol.local,Planificación,Marta Demo Rius,Operaciones,Marta Demo Rius,2019-04-02,Si,SID-0065,Base,Activo,Si,Estructural,Regular,,,,,2026-08,0,PLZ-0065,,Fotografía de cierre agosto 2026.,Dato sintético. Base autorizada.,RRHH,Completo,Si
SYN-0066,Ferran Demo Grau Ubach,Empresa Demo Servicios,syn-0066@demo.hccontrol.local,Logística,Marta Demo Rius,Operaciones,Marta Demo Rius,2020-07-07,Si,SID-0066,Base,Activo,Si,Estructural,Regular,,,,,2026-08,0,PLZ-0066,,Fotografía de cierre agosto 2026.,Dato sintético. Base autorizada.,RRHH,Completo,Si
SYN-0067,Gala Demo Homs Bosch,Empresa Demo Servicios,syn-0067@demo.hccontrol.local,Coordinación de operaciones,Marta Demo Rius,Operaciones,Marta Demo Rius,2021-10-12,Si,SID-0067,Base,Activo,Si,Estructural,Regular,,,,,2026-08,0,PLZ-0067,,Fotografía de cierre agosto 2026.,Dato sintético. Base autorizada.,RRHH,Completo,Si
SYN-0068,Helena Demo Isern Espasa,Empresa Demo Servicios,syn-0068@demo.hccontrol.local,Supervisor/a de planta,Marta Demo Rius,Operaciones,Marta Demo Rius,2022-01-17,Si,SID-0068,Base,Activo,Si,Estructural,Regular,,,,,2026-08,0,PLZ-0068,,Fotografía de cierre agosto 2026.,Dato sintético. Base autorizada.,RRHH,Completo,Si
SYN-0069,Iria Demo Jové Homs,Empresa Demo Servicios,syn-0069@demo.hccontrol.local,Técnico/a de operaciones,Marta Demo Rius,Operaciones,Marta Demo Rius,2023-04-22,Si,SID-0069,Base,Activo,Si,Estructural,Regular,,,,,2026-08,0,PLZ-0069,,Fotografía de cierre agosto 2026.,Dato sintético. Base autorizada.,RRHH,Completo,Si
SYN-0070,Joel Demo Llobet Llobet,Empresa Demo Servicios,syn-0070@demo.hccontrol.local,Planificación,Marta Demo Rius,Operaciones,Marta Demo Rius,2024-07-27,Si,SID-0070,Base,Activo,Si,Estructural,Regular,,,,,2026-08,0,PLZ-0070,,Fotografía de cierre agosto 2026.,Dato sintético. Base autorizada.,RRHH,Completo,Si
SYN-0071,Laia Demo Miró Olivé,Empresa Demo Servicios,syn-0071@demo.hccontrol.local,Logística,Marta Demo Rius,Operaciones,Marta Demo Rius,2025-10-05,Si,SID-0071,Base,Activo,Si,Estructural,Regular,,,,,2026-08,0,PLZ-0071,,Fotografía de cierre agosto 2026.,Dato sintético. Base autorizada.,RRHH,Completo,Si
SYN-0072,Marc Demo Nadal Serra,Empresa Demo Servicios,syn-0072@demo.hccontrol.local,Coordinación de operaciones,Marta Demo Rius,Operaciones,Marta Demo Rius,2018-01-10,Si,SID-0072,Base,Activo,Si,Estructural,Regular,,,,,2026-08,0,PLZ-0072,,Fotografía de cierre agosto 2026.,Dato sintético. Base autorizada.,RRHH,Completo,Si
SYN-0073,Noa Demo Olivé Vidal,Empresa Demo Servicios,syn-0073@demo.hccontrol.local,Supervisor/a de planta,Marta Demo Rius,Operaciones,Marta Demo Rius,2019-04-15,Si,SID-0073,Base,Activo,Si,Estructural,Regular,,,,,2026-08,0,PLZ-0073,,Fotografía de cierre agosto 2026.,Dato sintético. Base autorizada.,RRHH,Completo,Si
SYN-0074,Ona Demo Pujol Casals,Empresa Demo Servicios,syn-0074@demo.hccontrol.local,Técnico/a de operaciones,Marta Demo Rius,Operaciones,Marta Demo Rius,2020-07-20,Si,SID-0074,Base,Activo,Si,Estructural,Regular,,,,,2026-08,0,PLZ-0074,,Fotografía de cierre agosto 2026.,Dato sintético. Base autorizada.,RRHH,Completo,Si
SYN-0075,Pau Demo Rius Font,Empresa Demo Servicios,syn-0075@demo.hccontrol.local,Planificación,Marta Demo Rius,Operaciones,Marta Demo Rius,2021-10-25,Si,SID-0075,Base,Activo,Si,Estructural,Regular,,,,,2026-08,0,PLZ-0075,,Fotografía de cierre agosto 2026.,Dato sintético. Base autorizada.,RRHH,Completo,Si
SYN-0076,Queralt Demo Serra Isern,Empresa Demo Servicios,syn-0076@demo.hccontrol.local,Logística,Marta Demo Rius,Operaciones,Marta Demo Rius,2022-01-03,Si,SID-0076,Base,Activo,Si,Estructural,Regular,,,,,2026-08,0,PLZ-0076,,Fotografía de cierre agosto 2026.,Dato sintético. Base autorizada.,RRHH,Completo,Si
SYN-0077,Roc Demo Tormo Miró,Empresa Demo Servicios,syn-0077@demo.hccontrol.local,Coordinación de operaciones,Marta Demo Rius,Operaciones,Marta Demo Rius,2023-04-08,Si,SID-0077,Base,Salida_Prevista,Si,Estructural,CEV,,,2026-11-30,,2026-11,0,PLZ-0077,,Salida prevista al programa CEV. La plaza se reutiliza.,"Dato sintético. Pendiente confirmar calendario real CEV. Supuesto: efecto en noviembre 2026 junto con la sustitución, neto 0.",RRHH,Completo,Si
SYN-0078,Salma Demo Ubach Pujol,Empresa Demo Servicios,syn-0078@demo.hccontrol.local,Supervisor/a de planta,Marta Demo Rius,Operaciones,Marta Demo Rius,2024-07-13,Si,SID-0078,Base,Activo,Si,Estructural,Regular,,,,,2026-08,0,PLZ-0078,,Fotografía de cierre agosto 2026.,Dato sintético. Base autorizada.,RRHH,Completo,Si
SYN-0079,Toni Demo Vidal Tormo,Empresa Demo Servicios,syn-0079@demo.hccontrol.local,Técnico/a de operaciones,Marta Demo Rius,Operaciones,Marta Demo Rius,2025-10-18,Si,SID-0079,Base,Activo,Si,Estructural,Regular,,,,,2026-08,0,PLZ-0079,,Fotografía de cierre agosto 2026.,Dato sintético. Base autorizada.,RRHH,Completo,Si
SYN-0080,Unai Demo Alba Alba,Empresa Demo Servicios,syn-0080@demo.hccontrol.local,Planificación,Marta Demo Rius,Operaciones,Marta Demo Rius,2018-01-23,Si,SID-0080,Base,Activo,Si,Estructural,Regular,,,,,2026-08,0,PLZ-0080,,Fotografía de cierre agosto 2026.,Dato sintético. Base autorizada.,RRHH,Completo,Si
SYN-0081,Vera Demo Bosch Duran,Empresa Demo Servicios,syn-0081@demo.hccontrol.local,Logística,Marta Demo Rius,Operaciones,Marta Demo Rius,2019-04-01,Si,SID-0081,Base,Activo,Si,Estructural,Regular,,,,,2026-08,0,PLZ-0081,,Fotografía de cierre agosto 2026.,Dato sintético. Base autorizada.,RRHH,Completo,Si
SYN-0082,Xenia Demo Casals Grau,Empresa Demo Servicios,syn-0082@demo.hccontrol.local,Coordinación de operaciones,Marta Demo Rius,Operaciones,Marta Demo Rius,2020-07-06,Si,SID-0082,Base,Activo,Si,Estructural,Regular,,,,,2026-08,0,PLZ-0082,,Fotografía de cierre agosto 2026.,Dato sintético. Base autorizada.,RRHH,Completo,Si
SYN-0083,Yago Demo Duran Jové,Empresa Demo Servicios,syn-0083@demo.hccontrol.local,Supervisor/a de planta,Marta Demo Rius,Operaciones,Marta Demo Rius,2021-10-11,Si,SID-0083,Base,Activo,Si,Estructural,Regular,,,,,2026-08,0,PLZ-0083,,Fotografía de cierre agosto 2026.,Dato sintético. Base autorizada.,RRHH,Completo,Si
SYN-0084,Zoe Demo Espasa Nadal,Empresa Demo Servicios,syn-0084@demo.hccontrol.local,Técnico/a de operaciones,Marta Demo Rius,Operaciones,Marta Demo Rius,2022-01-16,Si,SID-0084,Base,Activo,Si,Estructural,Regular,,,,,2026-08,0,PLZ-0084,,Fotografía de cierre agosto 2026.,Dato sintético. Base autorizada.,RRHH,Completo,Si
SYN-0085,Berta Demo Font Rius,Empresa Demo Servicios,syn-0085@demo.hccontrol.local,Planificación,Marta Demo Rius,Operaciones,Marta Demo Rius,2023-04-21,Si,SID-0085,Base,Activo,Si,Estructural,Regular,,,,,2026-08,0,PLZ-0085,,Fotografía de cierre agosto 2026.,Dato sintético. Base autorizada.,RRHH,Completo,Si
SYN-0086,Cesc Demo Grau Ubach,Empresa Demo Servicios,syn-0086@demo.hccontrol.local,Logística,Marta Demo Rius,Operaciones,Marta Demo Rius,2024-07-26,Si,SID-0086,Base,Activo,Si,Estructural,Regular,,,,,2026-08,0,PLZ-0086,,Fotografía de cierre agosto 2026.,Dato sintético. Base autorizada.,RRHH,Completo,Si
SYN-0087,Dídac Demo Homs Bosch,Empresa Demo Servicios,syn-0087@demo.hccontrol.local,Coordinación de operaciones,Marta Demo Rius,Operaciones,Marta Demo Rius,2025-10-04,Si,SID-0087,Base,Activo,Si,Estructural,Regular,,,,,2026-08,0,PLZ-0087,,Fotografía de cierre agosto 2026.,Dato sintético. Base autorizada.,RRHH,Completo,Si
SYN-0088,Emma Demo Isern Espasa,Empresa Demo Servicios,syn-0088@demo.hccontrol.local,Supervisor/a de planta,Marta Demo Rius,Operaciones,Marta Demo Rius,2018-01-09,Si,SID-0088,Base,Activo,Si,Estructural,Regular,,,,,2026-08,0,PLZ-0088,,Fotografía de cierre agosto 2026.,Dato sintético. Base autorizada.,RRHH,Completo,Si
SYN-0089,Fran Demo Jové Homs,Empresa Demo Servicios,syn-0089@demo.hccontrol.local,Técnico/a de operaciones,Marta Demo Rius,Operaciones,Marta Demo Rius,2019-04-14,Si,SID-0089,Base,Activo,Si,Estructural,Regular,,,,,2026-08,0,PLZ-0089,,Fotografía de cierre agosto 2026.,Dato sintético. Base autorizada.,RRHH,Completo,Si
SYN-0090,Alex Demo Llobet Llobet,Empresa Demo Servicios,syn-0090@demo.hccontrol.local,Planificación,Marta Demo Rius,Operaciones,Marta Demo Rius,2020-07-19,Si,SID-0090,Base,Activo,Si,Estructural,Regular,,,,,2026-08,0,PLZ-0090,,Fotografía de cierre agosto 2026.,Dato sintético. Base autorizada.,RRHH,Completo,Si
SYN-0091,Aina Demo Miró Olivé,Empresa Demo Servicios,syn-0091@demo.hccontrol.local,Logística,Marta Demo Rius,Operaciones,Marta Demo Rius,2021-10-24,Si,SID-0091,Base,Activo,Si,Estructural,Regular,,,,,2026-08,0,PLZ-0091,,Fotografía de cierre agosto 2026.,Dato sintético. Base autorizada.,RRHH,Completo,Si
SYN-0092,Bruno Demo Nadal Serra,Empresa Demo Servicios,syn-0092@demo.hccontrol.local,Coordinación de operaciones,Marta Demo Rius,Operaciones,Marta Demo Rius,2022-01-02,Si,SID-0092,Base,Activo,Si,Estructural,Regular,,,,,2026-08,0,PLZ-0092,,Fotografía de cierre agosto 2026.,Dato sintético. Base autorizada.,RRHH,Completo,Si
SYN-0093,Carla Demo Olivé Vidal,Empresa Demo Servicios,syn-0093@demo.hccontrol.local,Supervisor/a de planta,Marta Demo Rius,Operaciones,Marta Demo Rius,2023-04-07,Si,SID-0093,Base,Activo,Si,Estructural,Regular,,,,,2026-08,0,PLZ-0093,,Fotografía de cierre agosto 2026.,Dato sintético. Base autorizada.,RRHH,Completo,Si
SYN-0094,Duna Demo Pujol Casals,Empresa Demo Servicios,syn-0094@demo.hccontrol.local,Técnico/a de operaciones,Marta Demo Rius,Operaciones,Marta Demo Rius,2024-07-12,Si,SID-0094,Base,Activo,Si,Estructural,Regular,,,,,2026-08,0,PLZ-0094,,Fotografía de cierre agosto 2026.,Dato sintético. Base autorizada.,RRHH,Completo,Si
SYN-0095,Enric Demo Rius Font,Empresa Demo Servicios,syn-0095@demo.hccontrol.local,Planificación,Marta Demo Rius,Operaciones,Marta Demo Rius,2025-10-17,Si,SID-0095,Base,Activo,Si,Estructural,Regular,,,,,2026-08,0,PLZ-0095,,Fotografía de cierre agosto 2026.,Dato sintético. Base autorizada.,RRHH,Completo,Si
SYN-0096,Ferran Demo Serra Isern,Empresa Demo Servicios,syn-0096@demo.hccontrol.local,Logística,Marta Demo Rius,Operaciones,Marta Demo Rius,2018-01-22,Si,SID-0096,Base,Activo,Si,Estructural,Regular,,,,,2026-08,0,PLZ-0096,,Fotografía de cierre agosto 2026.,Dato sintético. Base autorizada.,RRHH,Completo,Si
SYN-0097,Gala Demo Tormo Miró,Empresa Demo Servicios,syn-0097@demo.hccontrol.local,Coordinación de operaciones,Marta Demo Rius,Operaciones,Marta Demo Rius,2019-04-27,Si,SID-0097,Base,Activo,Si,Estructural,Regular,,,,,2026-08,0,PLZ-0097,,Fotografía de cierre agosto 2026.,Dato sintético. Base autorizada.,RRHH,Completo,Si
SYN-0098,Helena Demo Ubach Pujol,Empresa Demo Servicios,syn-0098@demo.hccontrol.local,Supervisor/a de planta,Marta Demo Rius,Operaciones,Marta Demo Rius,2020-07-05,Si,SID-0098,Base,Activo,Si,Estructural,Regular,,,,,2026-08,0,PLZ-0098,,Fotografía de cierre agosto 2026.,Dato sintético. Base autorizada.,RRHH,Completo,Si
SYN-0099,Iria Demo Vidal Tormo,Empresa Demo Servicios,syn-0099@demo.hccontrol.local,Técnico/a de operaciones,Marta Demo Rius,Operaciones,Marta Demo Rius,2021-10-10,Si,SID-0099,Base,Activo,Si,Estructural,Regular,,,,,2026-08,0,PLZ-0099,,Fotografía de cierre agosto 2026.,Dato sintético. Base autorizada.,RRHH,Completo,Si
SYN-0100,Joel Demo Alba Alba,Empresa Demo Servicios,syn-0100@demo.hccontrol.local,Planificación,Marta Demo Rius,Operaciones,Marta Demo Rius,2022-01-15,Si,SID-0100,Base,Activo,Si,Estructural,Regular,,,,,2026-08,0,PLZ-0100,,Fotografía de cierre agosto 2026.,Dato sintético. Base autorizada.,RRHH,Completo,Si
SYN-0101,Laia Demo Bosch Duran,Empresa Demo Servicios,syn-0101@demo.hccontrol.local,Logística,Marta Demo Rius,Operaciones,Marta Demo Rius,2023-04-20,Si,SID-0101,Base,Activo,Si,Estructural,Regular,,,,,2026-08,0,PLZ-0101,,Fotografía de cierre agosto 2026.,Dato sintético. Base autorizada.,RRHH,Completo,Si
SYN-0102,Marc Demo Casals Grau,Empresa Demo Servicios,syn-0102@demo.hccontrol.local,Coordinación de operaciones,Marta Demo Rius,Operaciones,Marta Demo Rius,2024-07-25,Si,SID-0102,Base,Activo,Si,Estructural,Regular,,,,,2026-08,0,PLZ-0102,,Fotografía de cierre agosto 2026.,Dato sintético. Base autorizada.,RRHH,Completo,Si
SYN-0103,Noa Demo Duran Jové,Empresa Demo Servicios,syn-0103@demo.hccontrol.local,Supervisor/a de planta,Marta Demo Rius,Operaciones,Marta Demo Rius,2025-10-03,Si,SID-0103,Base,Activo,Si,Estructural,Regular,,,,,2026-08,0,PLZ-0103,,Fotografía de cierre agosto 2026.,Dato sintético. Base autorizada.,RRHH,Completo,Si
SYN-0104,Ona Demo Espasa Nadal,Empresa Demo Servicios,syn-0104@demo.hccontrol.local,Técnico/a de operaciones,Marta Demo Rius,Operaciones,Marta Demo Rius,2018-01-08,Si,SID-0104,Base,Activo,Si,Estructural,Regular,,,,,2026-08,0,PLZ-0104,,Fotografía de cierre agosto 2026.,Dato sintético. Base autorizada.,RRHH,Completo,Si
SYN-0105,Pau Demo Font Rius,Empresa Demo Servicios,syn-0105@demo.hccontrol.local,Planificación,Marta Demo Rius,Operaciones,Marta Demo Rius,2019-04-13,Si,SID-0105,Base,Activo,Si,Estructural,Regular,,,,,2026-08,0,PLZ-0105,,Fotografía de cierre agosto 2026.,Dato sintético. Base autorizada.,RRHH,Completo,Si
SYN-0106,Queralt Demo Grau Ubach,Empresa Demo Servicios,syn-0106@demo.hccontrol.local,Logística,Marta Demo Rius,Operaciones,Marta Demo Rius,2020-07-18,Si,SID-0106,Base,Activo,Si,Estructural,Regular,,,,,2026-08,0,PLZ-0106,,Fotografía de cierre agosto 2026.,Dato sintético. Base autorizada.,RRHH,Completo,Si
SYN-0107,Roc Demo Homs Bosch,Empresa Demo Servicios,syn-0107@demo.hccontrol.local,Coordinación de operaciones,Marta Demo Rius,Operaciones,Marta Demo Rius,2021-10-23,Si,SID-0107,Base,Activo,Si,Estructural,Regular,,,,,2026-08,0,PLZ-0107,,Fotografía de cierre agosto 2026.,Dato sintético. Base autorizada.,RRHH,Completo,Si
SYN-0108,Salma Demo Isern Espasa,Empresa Demo Servicios,syn-0108@demo.hccontrol.local,Supervisor/a de planta,Marta Demo Rius,Operaciones,Marta Demo Rius,2022-01-01,Si,SID-0108,Base,Activo,Si,Estructural,Regular,,,,,2026-08,0,PLZ-0108,,Fotografía de cierre agosto 2026.,Dato sintético. Base autorizada.,RRHH,Completo,Si
SYN-0109,Toni Demo Jové Homs,Empresa Demo Servicios,syn-0109@demo.hccontrol.local,Técnico/a de operaciones,Marta Demo Rius,Operaciones,Marta Demo Rius,2023-04-06,Si,SID-0109,Base,Activo,Si,Estructural,Regular,,,,,2026-08,0,PLZ-0109,,Fotografía de cierre agosto 2026.,Dato sintético. Base autorizada.,RRHH,Completo,Si
SYN-0110,Unai Demo Llobet Llobet,Empresa Demo Servicios,syn-0110@demo.hccontrol.local,Planificación,Marta Demo Rius,Operaciones,Marta Demo Rius,2024-07-11,Si,SID-0110,Base,Activo,Si,Estructural,Regular,,,,,2026-08,0,PLZ-0110,,Fotografía de cierre agosto 2026.,Dato sintético. Base autorizada.,RRHH,Completo,Si
SYN-0111,Vera Demo Miró Olivé,Empresa Demo Servicios,syn-0111@demo.hccontrol.local,Logística,Marta Demo Rius,Operaciones,Marta Demo Rius,2025-10-16,Si,SID-0111,Base,Activo,Si,Estructural,Regular,,,,,2026-08,0,PLZ-0111,,Fotografía de cierre agosto 2026.,Dato sintético. Base autorizada.,RRHH,Completo,Si
SYN-0112,Xenia Demo Nadal Serra,Empresa Demo Servicios,syn-0112@demo.hccontrol.local,Coordinación de operaciones,Marta Demo Rius,Operaciones,Marta Demo Rius,2018-01-21,Si,SID-0112,Base,Activo,Si,Estructural,Regular,,,,,2026-08,0,PLZ-0112,,Fotografía de cierre agosto 2026.,Dato sintético. Base autorizada.,RRHH,Completo,Si
SYN-0113,Yago Demo Olivé Vidal,Empresa Demo Servicios,syn-0113@demo.hccontrol.local,Supervisor/a de planta,Marta Demo Rius,Operaciones,Marta Demo Rius,2019-04-26,Si,SID-0113,Base,Activo,Si,Estructural,Regular,,,,,2026-08,0,PLZ-0113,,Fotografía de cierre agosto 2026.,Dato sintético. Base autorizada.,RRHH,Completo,Si
SYN-0114,Zoe Demo Pujol Casals,Empresa Demo Servicios,syn-0114@demo.hccontrol.local,Técnico/a de operaciones,Marta Demo Rius,Operaciones,Marta Demo Rius,2020-07-04,Si,SID-0114,Base,Activo,Si,Estructural,Regular,,,,,2026-08,0,PLZ-0114,,Fotografía de cierre agosto 2026.,Dato sintético. Base autorizada.,RRHH,Completo,Si
SYN-0115,Berta Demo Rius Font,Empresa Demo Servicios,syn-0115@demo.hccontrol.local,Planificación,Marta Demo Rius,Operaciones,Marta Demo Rius,2021-10-09,Si,SID-0115,Base,Activo,Si,Estructural,Regular,,,,,2026-08,0,PLZ-0115,,Fotografía de cierre agosto 2026.,Dato sintético. Base autorizada.,RRHH,Completo,Si
SYN-0116,Cesc Demo Serra Isern,Empresa Demo Servicios,syn-0116@demo.hccontrol.local,Logística,Marta Demo Rius,Operaciones,Marta Demo Rius,2022-01-14,Si,SID-0116,Base,Activo,Si,Estructural,Regular,,,,,2026-08,0,PLZ-0116,,Fotografía de cierre agosto 2026.,Dato sintético. Base autorizada.,RRHH,Completo,Si
SYN-0117,Dídac Demo Tormo Miró,Empresa Demo Servicios,syn-0117@demo.hccontrol.local,Coordinación de operaciones,Marta Demo Rius,Operaciones,Marta Demo Rius,2023-04-19,Si,SID-0117,Base,Salida_Prevista,Si,Estructural,CEV,,,2026-11-30,,2026-11,0,PLZ-0117,,Salida prevista al programa CEV. La plaza se reutiliza.,"Dato sintético. Pendiente confirmar calendario real CEV. Supuesto: efecto en noviembre 2026 junto con la sustitución, neto 0.",RRHH,Completo,Si
SYN-0118,Emma Demo Ubach Pujol,Empresa Demo Servicios,syn-0118@demo.hccontrol.local,Supervisor/a de planta,Marta Demo Rius,Operaciones,Marta Demo Rius,2024-07-24,Si,SID-0118,Base,Activo,Si,Estructural,Regular,,,,,2026-08,0,PLZ-0118,,Fotografía de cierre agosto 2026.,Dato sintético. Base autorizada.,RRHH,Completo,Si
SYN-0119,Fran Demo Vidal Tormo,Empresa Demo Servicios,syn-0119@demo.hccontrol.local,Técnico/a de operaciones,Marta Demo Rius,Operaciones,Marta Demo Rius,2025-10-02,Si,SID-0119,Base,Activo,Si,Estructural,Regular,,,,,2026-08,0,PLZ-0119,,Fotografía de cierre agosto 2026.,Dato sintético. Base autorizada.,RRHH,Completo,Si
SYN-0120,Alex Demo Alba Alba,Empresa Demo Servicios,syn-0120@demo.hccontrol.local,Planificación,Marta Demo Rius,Operaciones,Marta Demo Rius,2018-01-07,Si,SID-0120,Base,Activo,Si,Estructural,Regular,,,,,2026-08,0,PLZ-0120,,Fotografía de cierre agosto 2026.,Dato sintético. Base autorizada.,RRHH,Completo,Si
SYN-0121,Aina Demo Bosch Duran,Empresa Demo Servicios,syn-0121@demo.hccontrol.local,Logística,Marta Demo Rius,Operaciones,Marta Demo Rius,2019-04-12,Si,SID-0121,Base,Activo,Si,Estructural,Regular,,,,,2026-08,0,PLZ-0121,,Fotografía de cierre agosto 2026.,Dato sintético. Base autorizada.,RRHH,Completo,Si
SYN-0122,Bruno Demo Casals Grau,Empresa Demo Servicios,syn-0122@demo.hccontrol.local,Coordinación de operaciones,Marta Demo Rius,Operaciones,Marta Demo Rius,2020-07-17,Si,SID-0122,Base,Activo,Si,Estructural,Regular,,,,,2026-08,0,PLZ-0122,,Fotografía de cierre agosto 2026.,Dato sintético. Base autorizada.,RRHH,Completo,Si
SYN-0123,Carla Demo Duran Jové,Empresa Demo Servicios,syn-0123@demo.hccontrol.local,Supervisor/a de planta,Marta Demo Rius,Operaciones,Marta Demo Rius,2021-10-22,Si,SID-0123,Base,Activo,Si,Estructural,Regular,,,,,2026-08,0,PLZ-0123,,Fotografía de cierre agosto 2026.,Dato sintético. Base autorizada.,RRHH,Completo,Si
SYN-0124,Duna Demo Espasa Nadal,Empresa Demo Servicios,syn-0124@demo.hccontrol.local,Técnico/a de operaciones,Marta Demo Rius,Operaciones,Marta Demo Rius,2022-01-27,Si,SID-0124,Base,Activo,Si,Estructural,Regular,,,,,2026-08,0,PLZ-0124,,Fotografía de cierre agosto 2026.,Dato sintético. Base autorizada.,RRHH,Completo,Si
SYN-0125,Enric Demo Font Rius,Empresa Demo Servicios,syn-0125@demo.hccontrol.local,Planificación,Marta Demo Rius,Operaciones,Marta Demo Rius,2023-04-05,Si,SID-0125,Base,Activo,Si,Estructural,Regular,,,,,2026-08,0,PLZ-0125,,Fotografía de cierre agosto 2026.,Dato sintético. Base autorizada.,RRHH,Completo,Si
SYN-0126,Ferran Demo Grau Ubach,Empresa Demo Servicios,syn-0126@demo.hccontrol.local,Logística,Marta Demo Rius,Operaciones,Marta Demo Rius,2024-07-10,Si,SID-0126,Base,Activo,Si,Estructural,Regular,,,,,2026-08,0,PLZ-0126,,Fotografía de cierre agosto 2026.,Dato sintético. Base autorizada.,RRHH,Completo,Si
SYN-0127,Gala Demo Homs Bosch,Empresa Demo Servicios,syn-0127@demo.hccontrol.local,Coordinación de operaciones,Marta Demo Rius,Operaciones,Marta Demo Rius,2025-10-15,Si,SID-0127,Base,Activo,Si,Estructural,Regular,,,,,2026-08,0,PLZ-0127,,Fotografía de cierre agosto 2026.,Dato sintético. Base autorizada.,RRHH,Completo,Si
SYN-0128,Helena Demo Isern Espasa,Empresa Demo Servicios,syn-0128@demo.hccontrol.local,Supervisor/a de planta,Marta Demo Rius,Operaciones,Marta Demo Rius,2018-01-20,Si,SID-0128,Base,Activo,Si,Estructural,Regular,,,,,2026-08,0,PLZ-0128,,Fotografía de cierre agosto 2026.,Dato sintético. Base autorizada.,RRHH,Completo,Si
SYN-0129,Iria Demo Jové Homs,Empresa Demo Servicios,syn-0129@demo.hccontrol.local,Técnico/a de operaciones,Marta Demo Rius,Operaciones,Marta Demo Rius,2019-04-25,Si,SID-0129,Base,Activo,Si,Estructural,Regular,,,,,2026-08,0,PLZ-0129,,Fotografía de cierre agosto 2026.,Dato sintético. Base autorizada.,RRHH,Completo,Si
SYN-0130,Joel Demo Llobet Llobet,Empresa Demo Servicios,syn-0130@demo.hccontrol.local,Planificación,Marta Demo Rius,Operaciones,Marta Demo Rius,2020-07-03,Si,SID-0130,Base,Activo,Si,Estructural,Regular,,,,,2026-08,0,PLZ-0130,,Fotografía de cierre agosto 2026.,Dato sintético. Base autorizada.,RRHH,Completo,Si
SYN-0131,Laia Demo Miró Olivé,Empresa Demo Servicios,syn-0131@demo.hccontrol.local,Logística,Marta Demo Rius,Operaciones,Marta Demo Rius,2021-10-08,Si,SID-0131,Base,Activo,Si,Estructural,Regular,,,,,2026-08,0,PLZ-0131,,Fotografía de cierre agosto 2026.,Dato sintético. Base autorizada.,RRHH,Completo,Si
SYN-0132,Marc Demo Nadal Serra,Empresa Demo Servicios,syn-0132@demo.hccontrol.local,Coordinación de operaciones,Marta Demo Rius,Operaciones,Marta Demo Rius,2022-01-13,Si,SID-0132,Base,Activo,Si,Estructural,Regular,,,,,2026-08,0,PLZ-0132,,Fotografía de cierre agosto 2026.,Dato sintético. Base autorizada.,RRHH,Completo,Si
SYN-0133,Noa Demo Olivé Vidal,Empresa Demo Servicios,syn-0133@demo.hccontrol.local,Supervisor/a de planta,Marta Demo Rius,Operaciones,Marta Demo Rius,2023-04-18,Si,SID-0133,Base,Activo,Si,Estructural,Regular,,,,,2026-08,0,PLZ-0133,,Fotografía de cierre agosto 2026.,Dato sintético. Base autorizada.,RRHH,Completo,Si
SYN-0134,Ona Demo Pujol Casals,Empresa Demo Servicios,syn-0134@demo.hccontrol.local,Técnico/a de operaciones,Marta Demo Rius,Operaciones,Marta Demo Rius,2024-07-23,Si,SID-0134,Base,Activo,Si,Estructural,Regular,,,,,2026-08,0,PLZ-0134,,Fotografía de cierre agosto 2026.,Dato sintético. Base autorizada.,RRHH,Completo,Si
SYN-0135,Pau Demo Rius Font,Empresa Demo Servicios,syn-0135@demo.hccontrol.local,Planificación,Marta Demo Rius,Operaciones,Marta Demo Rius,2025-10-01,Si,SID-0135,Base,Activo,Si,Estructural,Regular,,,,,2026-08,0,PLZ-0135,,Fotografía de cierre agosto 2026.,Dato sintético. Base autorizada.,RRHH,Completo,Si
SYN-0136,Queralt Demo Serra Isern,Empresa Demo Servicios,syn-0136@demo.hccontrol.local,Logística,Marta Demo Rius,Operaciones,Marta Demo Rius,2018-01-06,Si,SID-0136,Base,Activo,Si,Estructural,Regular,,,,,2026-08,0,PLZ-0136,,Fotografía de cierre agosto 2026.,Dato sintético. Base autorizada.,RRHH,Completo,Si
SYN-0137,Roc Demo Tormo Miró,Empresa Demo Servicios,syn-0137@demo.hccontrol.local,Coordinación de operaciones,Marta Demo Rius,Operaciones,Marta Demo Rius,2019-04-11,Si,SID-0137,Base,Activo,Si,Estructural,Regular,,,,,2026-08,0,PLZ-0137,,Fotografía de cierre agosto 2026.,Dato sintético. Base autorizada.,RRHH,Completo,Si
SYN-0138,Salma Demo Ubach Pujol,Empresa Demo Servicios,syn-0138@demo.hccontrol.local,Supervisor/a de planta,Marta Demo Rius,Operaciones,Marta Demo Rius,2020-07-16,Si,SID-0138,Base,Activo,Si,Estructural,Regular,,,,,2026-08,0,PLZ-0138,,Fotografía de cierre agosto 2026.,Dato sintético. Base autorizada.,RRHH,Completo,Si
SYN-0139,Toni Demo Vidal Tormo,Empresa Demo Servicios,syn-0139@demo.hccontrol.local,Técnico/a de operaciones,Marta Demo Rius,Operaciones,Marta Demo Rius,2021-10-21,Si,SID-0139,Base,Activo,Si,Estructural,Regular,,,,,2026-08,0,PLZ-0139,,Fotografía de cierre agosto 2026.,Dato sintético. Base autorizada.,RRHH,Completo,Si
SYN-0140,Unai Demo Alba Alba,Empresa Demo Servicios,syn-0140@demo.hccontrol.local,Planificación,Marta Demo Rius,Operaciones,Marta Demo Rius,2022-01-26,Si,SID-0140,Base,Activo,Si,Estructural,Regular,,,,,2026-08,0,PLZ-0140,,Fotografía de cierre agosto 2026.,Dato sintético. Base autorizada.,RRHH,Completo,Si
SYN-0141,Vera Demo Bosch Duran,Empresa Demo Servicios,syn-0141@demo.hccontrol.local,Logística,Marta Demo Rius,Operaciones,Marta Demo Rius,2023-04-04,Si,SID-0141,Base,Activo,Si,Estructural,Regular,,,,,2026-08,0,PLZ-0141,,Fotografía de cierre agosto 2026.,Dato sintético. Base autorizada.,RRHH,Completo,Si
SYN-0142,Xenia Demo Casals Grau,Empresa Demo Servicios,syn-0142@demo.hccontrol.local,Coordinación de operaciones,Marta Demo Rius,Operaciones,Marta Demo Rius,2024-07-09,Si,SID-0142,Base,Activo,Si,Estructural,Regular,,,,,2026-08,0,PLZ-0142,,Fotografía de cierre agosto 2026.,Dato sintético. Base autorizada.,RRHH,Completo,Si
SYN-0143,Yago Demo Duran Jové,Empresa Demo Servicios,syn-0143@demo.hccontrol.local,Supervisor/a de planta,Marta Demo Rius,Operaciones,Marta Demo Rius,2025-10-14,Si,SID-0143,Base,Activo,Si,Estructural,Regular,,,,,2026-08,0,PLZ-0143,,Fotografía de cierre agosto 2026.,Dato sintético. Base autorizada.,RRHH,Completo,Si
SYN-0144,Zoe Demo Espasa Nadal,Empresa Demo Servicios,syn-0144@demo.hccontrol.local,Técnico/a de operaciones,Marta Demo Rius,Operaciones,Marta Demo Rius,2018-01-19,Si,SID-0144,Base,Activo,Si,Estructural,Regular,,,,,2026-08,0,PLZ-0144,,Fotografía de cierre agosto 2026.,Dato sintético. Base autorizada.,RRHH,Completo,Si
SYN-0145,Berta Demo Font Rius,Empresa Demo Servicios,syn-0145@demo.hccontrol.local,Planificación,Marta Demo Rius,Operaciones,Marta Demo Rius,2019-04-24,Si,SID-0145,Base,Activo,Si,Estructural,Regular,,,,,2026-08,0,PLZ-0145,,Fotografía de cierre agosto 2026.,Dato sintético. Base autorizada.,RRHH,Completo,Si
SYN-0146,Cesc Demo Grau Ubach,Empresa Demo Servicios,syn-0146@demo.hccontrol.local,Logística,Marta Demo Rius,Operaciones,Marta Demo Rius,2020-07-02,Si,SID-0146,Base,Activo,Si,Estructural,Regular,,,,,2026-08,0,PLZ-0146,,Fotografía de cierre agosto 2026.,Dato sintético. Base autorizada.,RRHH,Completo,Si
SYN-0147,Dídac Demo Homs Bosch,Empresa Demo Servicios,syn-0147@demo.hccontrol.local,Coordinación de operaciones,Marta Demo Rius,Operaciones,Marta Demo Rius,2021-10-07,Si,SID-0147,Base,Activo,Si,Estructural,Regular,,,,,2026-08,0,PLZ-0147,,Fotografía de cierre agosto 2026.,Dato sintético. Base autorizada.,RRHH,Completo,Si
SYN-0148,Emma Demo Isern Espasa,Empresa Demo Servicios,syn-0148@demo.hccontrol.local,Supervisor/a de planta,Marta Demo Rius,Operaciones,Marta Demo Rius,2022-01-12,Si,SID-0148,Base,Activo,Si,Estructural,Regular,,,,,2026-08,0,PLZ-0148,,Fotografía de cierre agosto 2026.,Dato sintético. Base autorizada.,RRHH,Completo,Si
SYN-0149,Fran Demo Jové Homs,Empresa Demo Servicios,syn-0149@demo.hccontrol.local,Técnico/a de operaciones,Marta Demo Rius,Operaciones,Marta Demo Rius,2023-04-17,Si,SID-0149,Base,Activo,Si,Estructural,Regular,,,,,2026-08,0,PLZ-0149,,Fotografía de cierre agosto 2026.,Dato sintético. Base autorizada.,RRHH,Completo,Si
SYN-0150,Alex Demo Llobet Llobet,Empresa Demo Servicios,syn-0150@demo.hccontrol.local,Planificación,Marta Demo Rius,Operaciones,Marta Demo Rius,2024-07-22,Si,SID-0150,Base,Activo,Si,Estructural,Regular,,,,,2026-08,0,PLZ-0150,,Fotografía de cierre agosto 2026.,Dato sintético. Base autorizada.,RRHH,Completo,Si
SYN-0151,Aina Demo Miró Olivé,Empresa Demo Servicios,syn-0151@demo.hccontrol.local,Logística,Marta Demo Rius,Operaciones,Marta Demo Rius,2025-10-27,Si,SID-0151,Base,Activo,Si,Estructural,Regular,,,,,2026-08,0,PLZ-0151,,Fotografía de cierre agosto 2026.,Dato sintético. Base autorizada.,RRHH,Completo,Si
SYN-0152,Bruno Demo Nadal Serra,Empresa Demo Servicios,syn-0152@demo.hccontrol.local,Coordinación de operaciones,Marta Demo Rius,Operaciones,Marta Demo Rius,2018-01-05,Si,SID-0152,Base,Activo,Si,Estructural,Regular,,,,,2026-08,0,PLZ-0152,,Fotografía de cierre agosto 2026.,Dato sintético. Base autorizada.,RRHH,Completo,Si
SYN-0153,Carla Demo Olivé Vidal,Empresa Demo Servicios,syn-0153@demo.hccontrol.local,Supervisor/a de planta,Marta Demo Rius,Operaciones,Marta Demo Rius,2019-04-10,Si,SID-0153,Base,Activo,Si,Estructural,Regular,,,,,2026-08,0,PLZ-0153,,Fotografía de cierre agosto 2026.,Dato sintético. Base autorizada.,RRHH,Completo,Si
SYN-0154,Duna Demo Pujol Casals,Empresa Demo Servicios,syn-0154@demo.hccontrol.local,Técnico/a de operaciones,Marta Demo Rius,Operaciones,Marta Demo Rius,2020-07-15,Si,SID-0154,Base,Activo,Si,Estructural,Regular,,,,,2026-08,0,PLZ-0154,,Fotografía de cierre agosto 2026.,Dato sintético. Base autorizada.,RRHH,Completo,Si
SYN-0155,Enric Demo Rius Font,Empresa Demo Servicios,syn-0155@demo.hccontrol.local,Planificación,Marta Demo Rius,Operaciones,Marta Demo Rius,2021-10-20,Si,SID-0155,Base,Activo,Si,Estructural,Regular,,,,,2026-08,0,PLZ-0155,,Fotografía de cierre agosto 2026.,Dato sintético. Base autorizada.,RRHH,Completo,Si
SYN-0156,Ferran Demo Serra Isern,Empresa Demo Servicios,syn-0156@demo.hccontrol.local,Logística,Marta Demo Rius,Operaciones,Marta Demo Rius,2022-01-25,Si,SID-0156,Base,Activo,Si,Estructural,Regular,,,,,2026-08,0,PLZ-0156,,Fotografía de cierre agosto 2026.,Dato sintético. Base autorizada.,RRHH,Completo,Si
SYN-0157,Gala Demo Tormo Miró,Empresa Demo Servicios,syn-0157@demo.hccontrol.local,Coordinación de operaciones,Marta Demo Rius,Operaciones,Marta Demo Rius,2023-04-03,Si,SID-0157,Base,Salida_Prevista,Si,Estructural,CEV,,,2026-11-30,,2026-11,0,PLZ-0157,,Salida prevista al programa CEV. La plaza se reutiliza.,"Dato sintético. Pendiente confirmar calendario real CEV. Supuesto: efecto en noviembre 2026 junto con la sustitución, neto 0.",RRHH,Completo,Si
SYN-0158,Helena Demo Ubach Pujol,Empresa Demo Servicios,syn-0158@demo.hccontrol.local,Supervisor/a de planta,Marta Demo Rius,Operaciones,Marta Demo Rius,2024-07-08,Si,SID-0158,Base,Activo,Si,Estructural,Regular,,,,,2026-08,0,PLZ-0158,,Fotografía de cierre agosto 2026.,Dato sintético. Base autorizada.,RRHH,Completo,Si
SYN-0159,Iria Demo Vidal Tormo,Empresa Demo Servicios,syn-0159@demo.hccontrol.local,Técnico/a de operaciones,Marta Demo Rius,Operaciones,Marta Demo Rius,2025-10-13,Si,SID-0159,Base,Activo,Si,Estructural,Regular,,,,,2026-08,0,PLZ-0159,,Fotografía de cierre agosto 2026.,Dato sintético. Base autorizada.,RRHH,Completo,Si
SYN-0160,Joel Demo Alba Alba,Empresa Demo Servicios,syn-0160@demo.hccontrol.local,Planificación,Marta Demo Rius,Operaciones,Marta Demo Rius,2018-01-18,Si,SID-0160,Base,Activo,Si,Estructural,Regular,,,,,2026-08,0,PLZ-0160,,Fotografía de cierre agosto 2026.,Dato sintético. Base autorizada.,RRHH,Completo,Si
SYN-0161,Laia Demo Bosch Duran,Empresa Demo Servicios,syn-0161@demo.hccontrol.local,Logística,Marta Demo Rius,Operaciones,Marta Demo Rius,2019-04-23,Si,SID-0161,Base,Activo,Si,Estructural,Regular,,,,,2026-08,0,PLZ-0161,,Fotografía de cierre agosto 2026.,Dato sintético. Base autorizada.,RRHH,Completo,Si
SYN-0162,Marc Demo Casals Grau,Empresa Demo Servicios,syn-0162@demo.hccontrol.local,Coordinación de operaciones,Marta Demo Rius,Operaciones,Marta Demo Rius,2020-07-01,Si,SID-0162,Base,Activo,Si,Estructural,Regular,,,,,2026-08,0,PLZ-0162,,Fotografía de cierre agosto 2026.,Dato sintético. Base autorizada.,RRHH,Completo,Si
SYN-0163,Noa Demo Duran Jové,Empresa Demo Servicios,syn-0163@demo.hccontrol.local,Supervisor/a de planta,Marta Demo Rius,Operaciones,Marta Demo Rius,2021-10-06,Si,SID-0163,Base,Activo,Si,Estructural,Regular,,,,,2026-08,0,PLZ-0163,,Fotografía de cierre agosto 2026.,Dato sintético. Base autorizada.,RRHH,Completo,Si
SYN-0164,Ona Demo Espasa Nadal,Empresa Demo Servicios,syn-0164@demo.hccontrol.local,Técnico/a de operaciones,Marta Demo Rius,Operaciones,Marta Demo Rius,2022-01-11,Si,SID-0164,Base,Activo,Si,Estructural,Regular,,,,,2026-08,0,PLZ-0164,,Fotografía de cierre agosto 2026.,Dato sintético. Base autorizada.,RRHH,Completo,Si
SYN-0165,Pau Demo Font Rius,Empresa Demo Servicios,syn-0165@demo.hccontrol.local,Planificación,Marta Demo Rius,Operaciones,Marta Demo Rius,2023-04-16,Si,SID-0165,Base,Activo,Si,Estructural,Regular,,,,,2026-08,0,PLZ-0165,,Fotografía de cierre agosto 2026.,Dato sintético. Base autorizada.,RRHH,Completo,Si
SYN-0166,Queralt Demo Grau Ubach,Empresa Demo Servicios,syn-0166@demo.hccontrol.local,Logística,Marta Demo Rius,Operaciones,Marta Demo Rius,2024-07-21,Si,SID-0166,Base,Activo,Si,Estructural,Regular,,,,,2026-08,0,PLZ-0166,,Fotografía de cierre agosto 2026.,Dato sintético. Base autorizada.,RRHH,Completo,Si
SYN-0167,Roc Demo Homs Bosch,Empresa Demo Servicios,syn-0167@demo.hccontrol.local,Coordinación de operaciones,Marta Demo Rius,Operaciones,Marta Demo Rius,2025-10-26,Si,SID-0167,Base,Activo,Si,Estructural,Regular,,,,,2026-08,0,PLZ-0167,,Fotografía de cierre agosto 2026.,Dato sintético. Base autorizada.,RRHH,Completo,Si
SYN-0168,Salma Demo Isern Espasa,Empresa Demo Servicios,syn-0168@demo.hccontrol.local,Supervisor/a de planta,Marta Demo Rius,Operaciones,Marta Demo Rius,2018-01-04,Si,SID-0168,Base,Activo,Si,Estructural,Regular,,,,,2026-08,0,PLZ-0168,,Fotografía de cierre agosto 2026.,Dato sintético. Base autorizada.,RRHH,Completo,Si
SYN-0169,Toni Demo Jové Homs,Empresa Demo Servicios,syn-0169@demo.hccontrol.local,Técnico/a de operaciones,Marta Demo Rius,Operaciones,Marta Demo Rius,2019-04-09,Si,SID-0169,Base,Activo,Si,Estructural,Regular,,,,,2026-08,0,PLZ-0169,,Fotografía de cierre agosto 2026.,Dato sintético. Base autorizada.,RRHH,Completo,Si
SYN-0170,Unai Demo Llobet Llobet,Empresa Demo Servicios,syn-0170@demo.hccontrol.local,Planificación,Marta Demo Rius,Operaciones,Marta Demo Rius,2020-07-14,Si,SID-0170,Base,Activo,Si,Estructural,Regular,,,,,2026-08,0,PLZ-0170,,Fotografía de cierre agosto 2026.,Dato sintético. Base autorizada.,RRHH,Completo,Si
SYN-0171,Vera Demo Miró Olivé,Empresa Demo Servicios,syn-0171@demo.hccontrol.local,Logística,Marta Demo Rius,Operaciones,Marta Demo Rius,2021-10-19,Si,SID-0171,Base,Activo,Si,Estructural,Regular,,,,,2026-08,0,PLZ-0171,,Fotografía de cierre agosto 2026.,Dato sintético. Base autorizada.,RRHH,Completo,Si
SYN-0172,Xenia Demo Nadal Serra,Empresa Demo Servicios,syn-0172@demo.hccontrol.local,Coordinación de operaciones,Marta Demo Rius,Operaciones,Marta Demo Rius,2022-01-24,Si,SID-0172,Base,Activo,Si,Estructural,Regular,,,,,2026-08,0,PLZ-0172,,Fotografía de cierre agosto 2026.,Dato sintético. Base autorizada.,RRHH,Completo,Si
SYN-0173,Yago Demo Olivé Vidal,Empresa Demo Servicios,syn-0173@demo.hccontrol.local,Supervisor/a de planta,Marta Demo Rius,Operaciones,Marta Demo Rius,2023-04-02,Si,SID-0173,Base,Activo,Si,Estructural,Regular,,,,,2026-08,0,PLZ-0173,,Fotografía de cierre agosto 2026.,Dato sintético. Base autorizada.,RRHH,Completo,Si
SYN-0174,Zoe Demo Pujol Casals,Empresa Demo Servicios,syn-0174@demo.hccontrol.local,Técnico/a de operaciones,Marta Demo Rius,Operaciones,Marta Demo Rius,2024-07-07,Si,SID-0174,Base,Activo,Si,Estructural,Regular,,,,,2026-08,0,PLZ-0174,,Fotografía de cierre agosto 2026.,Dato sintético. Base autorizada.,RRHH,Completo,Si
SYN-0175,Berta Demo Rius Font,Empresa Demo Servicios,syn-0175@demo.hccontrol.local,Planificación,Marta Demo Rius,Operaciones,Marta Demo Rius,2025-10-12,Si,SID-0175,Base,Activo,Si,Estructural,Regular,,,,,2026-08,0,PLZ-0175,,Fotografía de cierre agosto 2026.,Dato sintético. Base autorizada.,RRHH,Completo,Si
SYN-0176,Cesc Demo Serra Isern,Empresa Demo Servicios,syn-0176@demo.hccontrol.local,Logística,Marta Demo Rius,Operaciones,Marta Demo Rius,2018-01-17,Si,SID-0176,Base,Activo,Si,Estructural,Regular,,,,,2026-08,0,PLZ-0176,,Fotografía de cierre agosto 2026.,Dato sintético. Base autorizada.,RRHH,Completo,Si
SYN-0177,Dídac Demo Tormo Miró,Empresa Demo Servicios,syn-0177@demo.hccontrol.local,Coordinación de operaciones,Marta Demo Rius,Operaciones,Marta Demo Rius,2019-04-22,Si,SID-0177,Base,Activo,Si,Estructural,Regular,,,,,2026-08,0,PLZ-0177,,Fotografía de cierre agosto 2026.,Dato sintético. Base autorizada.,RRHH,Completo,Si
SYN-0178,Emma Demo Ubach Pujol,Empresa Demo Servicios,syn-0178@demo.hccontrol.local,Supervisor/a de planta,Marta Demo Rius,Operaciones,Marta Demo Rius,2020-07-27,Si,SID-0178,Base,Activo,Si,Estructural,Regular,,,,,2026-08,0,PLZ-0178,,Fotografía de cierre agosto 2026.,Dato sintético. Base autorizada.,RRHH,Completo,Si
SYN-0179,Fran Demo Vidal Tormo,Empresa Demo Servicios,syn-0179@demo.hccontrol.local,Técnico/a de operaciones,Marta Demo Rius,Operaciones,Marta Demo Rius,2021-10-05,Si,SID-0179,Base,Activo,Si,Estructural,Regular,,,,,2026-08,0,PLZ-0179,,Fotografía de cierre agosto 2026.,Dato sintético. Base autorizada.,RRHH,Completo,Si
SYN-0180,Alex Demo Alba Alba,Empresa Demo Servicios,syn-0180@demo.hccontrol.local,Planificación,Marta Demo Rius,Operaciones,Marta Demo Rius,2022-01-10,Si,SID-0180,Base,Activo,Si,Estructural,Regular,,,,,2026-08,0,PLZ-0180,,Fotografía de cierre agosto 2026.,Dato sintético. Base autorizada.,RRHH,Completo,Si
SYN-0181,Aina Demo Bosch Duran,Empresa Demo Servicios,syn-0181@demo.hccontrol.local,Logística,Marta Demo Rius,Operaciones,Marta Demo Rius,2023-04-15,Si,SID-0181,Base,Activo,Si,Estructural,Regular,,,,,2026-08,0,PLZ-0181,,Fotografía de cierre agosto 2026.,Dato sintético. Base autorizada.,RRHH,Completo,Si
SYN-0182,Bruno Demo Casals Grau,Empresa Demo Servicios,syn-0182@demo.hccontrol.local,Coordinación de operaciones,Marta Demo Rius,Operaciones,Marta Demo Rius,2024-07-20,Si,SID-0182,Base,Activo,Si,Estructural,Regular,,,,,2026-08,0,PLZ-0182,,Fotografía de cierre agosto 2026.,Dato sintético. Base autorizada.,RRHH,Completo,Si
SYN-0183,Carla Demo Duran Jové,Empresa Demo Servicios,syn-0183@demo.hccontrol.local,Supervisor/a de planta,Marta Demo Rius,Operaciones,Marta Demo Rius,2025-10-25,Si,SID-0183,Base,Activo,Si,Estructural,Regular,,,,,2026-08,0,PLZ-0183,,Fotografía de cierre agosto 2026.,Dato sintético. Base autorizada.,RRHH,Completo,Si
SYN-0184,Duna Demo Espasa Nadal,Empresa Demo Servicios,syn-0184@demo.hccontrol.local,Técnico/a de operaciones,Marta Demo Rius,Operaciones,Marta Demo Rius,2018-01-03,Si,SID-0184,Base,Activo,Si,Estructural,Regular,,,,,2026-08,0,PLZ-0184,,Fotografía de cierre agosto 2026.,Dato sintético. Base autorizada.,RRHH,Completo,Si
SYN-0185,Enric Demo Font Rius,Empresa Demo Servicios,syn-0185@demo.hccontrol.local,Planificación,Marta Demo Rius,Operaciones,Marta Demo Rius,2019-04-08,Si,SID-0185,Base,Activo,Si,Estructural,Regular,,,,,2026-08,0,PLZ-0185,,Fotografía de cierre agosto 2026.,Dato sintético. Base autorizada.,RRHH,Completo,Si
SYN-0186,Ferran Demo Grau Ubach,Empresa Demo Servicios,syn-0186@demo.hccontrol.local,Logística,Marta Demo Rius,Operaciones,Marta Demo Rius,2020-07-13,Si,SID-0186,Base,Activo,Si,Estructural,Regular,,,,,2026-08,0,PLZ-0186,,Fotografía de cierre agosto 2026.,Dato sintético. Base autorizada.,RRHH,Completo,Si
SYN-0187,Gala Demo Homs Bosch,Empresa Demo Servicios,syn-0187@demo.hccontrol.local,Coordinación de operaciones,Marta Demo Rius,Operaciones,Marta Demo Rius,2021-10-18,Si,SID-0187,Base,Activo,Si,Estructural,Regular,,,,,2026-08,0,PLZ-0187,,Fotografía de cierre agosto 2026.,Dato sintético. Base autorizada.,RRHH,Completo,Si
SYN-0188,Helena Demo Isern Espasa,Empresa Demo Servicios,syn-0188@demo.hccontrol.local,Supervisor/a de planta,Marta Demo Rius,Operaciones,Marta Demo Rius,2022-01-23,Si,SID-0188,Base,Activo,Si,Estructural,Regular,,,,,2026-08,0,PLZ-0188,,Fotografía de cierre agosto 2026.,Dato sintético. Base autorizada.,RRHH,Completo,Si
SYN-0189,Iria Demo Jové Homs,Empresa Demo Servicios,syn-0189@demo.hccontrol.local,Técnico/a de operaciones,Marta Demo Rius,Operaciones,Marta Demo Rius,2023-04-01,Si,SID-0189,Base,Activo,Si,Estructural,Regular,,,,,2026-08,0,PLZ-0189,,Fotografía de cierre agosto 2026.,Dato sintético. Base autorizada.,RRHH,Completo,Si
SYN-0190,Joel Demo Llobet Llobet,Empresa Demo Servicios,syn-0190@demo.hccontrol.local,Planificación,Marta Demo Rius,Operaciones,Marta Demo Rius,2024-07-06,Si,SID-0190,Base,Activo,Si,Estructural,Regular,,,,,2026-08,0,PLZ-0190,,Fotografía de cierre agosto 2026.,Dato sintético. Base autorizada.,RRHH,Completo,Si
SYN-0191,Laia Demo Miró Olivé,Empresa Demo Servicios,syn-0191@demo.hccontrol.local,Logística,Marta Demo Rius,Operaciones,Marta Demo Rius,2025-10-11,Si,SID-0191,Base,Activo,Si,Estructural,Regular,,,,,2026-08,0,PLZ-0191,,Fotografía de cierre agosto 2026.,Dato sintético. Base autorizada.,RRHH,Completo,Si
SYN-0192,Marc Demo Nadal Serra,Empresa Demo Servicios,syn-0192@demo.hccontrol.local,Coordinación de operaciones,Marta Demo Rius,Operaciones,Marta Demo Rius,2018-01-16,Si,SID-0192,Base,Activo,Si,Estructural,Regular,,,,,2026-08,0,PLZ-0192,,Fotografía de cierre agosto 2026.,Dato sintético. Base autorizada.,RRHH,Completo,Si
SYN-0193,Noa Demo Olivé Vidal,Empresa Demo Servicios,syn-0193@demo.hccontrol.local,Supervisor/a de planta,Marta Demo Rius,Operaciones,Marta Demo Rius,2019-04-21,Si,SID-0193,Base,Activo,Si,Estructural,Regular,,,,,2026-08,0,PLZ-0193,,Fotografía de cierre agosto 2026.,Dato sintético. Base autorizada.,RRHH,Completo,Si
SYN-0194,Ona Demo Pujol Casals,Empresa Demo Servicios,syn-0194@demo.hccontrol.local,Técnico/a de operaciones,Marta Demo Rius,Operaciones,Marta Demo Rius,2020-07-26,Si,SID-0194,Base,Activo,Si,Estructural,Regular,,,,,2026-08,0,PLZ-0194,,Fotografía de cierre agosto 2026.,Dato sintético. Base autorizada.,RRHH,Completo,Si
SYN-0195,Pau Demo Rius Font,Empresa Demo Servicios,syn-0195@demo.hccontrol.local,Planificación,Marta Demo Rius,Operaciones,Marta Demo Rius,2021-10-04,Si,SID-0195,Base,Activo,Si,Estructural,Regular,,,,,2026-08,0,PLZ-0195,,Fotografía de cierre agosto 2026.,Dato sintético. Base autorizada.,RRHH,Completo,Si
SYN-0196,Queralt Demo Serra Isern,Empresa Demo Servicios,syn-0196@demo.hccontrol.local,Logística,Marta Demo Rius,Operaciones,Marta Demo Rius,2022-01-09,Si,SID-0196,Base,Activo,Si,Estructural,Regular,,,,,2026-08,0,PLZ-0196,,Fotografía de cierre agosto 2026.,Dato sintético. Base autorizada.,RRHH,Completo,Si
SYN-0197,Roc Demo Tormo Miró,Empresa Demo Corporativa,syn-0197@demo.hccontrol.local,Ingeniería de software,Pol Demo Ferrer,Tecnología,Pol Demo Ferrer,2023-04-14,Si,SID-0197,Base,Activo,Si,Estructural,Regular,,,,,2026-08,0,PLZ-0197,,Fotografía de cierre agosto 2026.,Dato sintético. Base autorizada.,RRHH,Completo,Si
SYN-0198,Salma Demo Ubach Pujol,Empresa Demo Corporativa,syn-0198@demo.hccontrol.local,Analista de sistemas,Pol Demo Ferrer,Tecnología,Pol Demo Ferrer,2024-07-19,Si,SID-0198,Base,Activo,Si,Estructural,Regular,,,,,2026-08,0,PLZ-0198,,Fotografía de cierre agosto 2026.,Dato sintético. Base autorizada.,RRHH,Completo,Si
SYN-0199,Toni Demo Vidal Tormo,Empresa Demo Corporativa,syn-0199@demo.hccontrol.local,Ciberseguridad,Pol Demo Ferrer,Tecnología,Pol Demo Ferrer,2025-10-24,Si,SID-0199,Base,Activo,Si,Estructural,Regular,,,,,2026-08,0,PLZ-0199,,Fotografía de cierre agosto 2026.,Dato sintético. Base autorizada.,RRHH,Completo,Si
SYN-0200,Unai Demo Alba Alba,Empresa Demo Corporativa,syn-0200@demo.hccontrol.local,Arquitectura IT,Pol Demo Ferrer,Tecnología,Pol Demo Ferrer,2018-01-02,Si,SID-0200,Base,Activo,Si,Estructural,Regular,,,,,2026-08,0,PLZ-0200,,Fotografía de cierre agosto 2026.,Dato sintético. Base autorizada.,RRHH,Completo,Si
SYN-0201,Vera Demo Bosch Duran,Empresa Demo Corporativa,syn-0201@demo.hccontrol.local,Soporte corporativo,Pol Demo Ferrer,Tecnología,Pol Demo Ferrer,2019-04-07,Si,SID-0201,Base,Activo,Si,Estructural,Regular,,,,,2026-08,0,PLZ-0201,,Fotografía de cierre agosto 2026.,Dato sintético. Base autorizada.,RRHH,Completo,Si
SYN-0202,Xenia Demo Casals Grau,Empresa Demo Corporativa,syn-0202@demo.hccontrol.local,Ingeniería de software,Pol Demo Ferrer,Tecnología,Pol Demo Ferrer,2020-07-12,Si,SID-0202,Base,Salida_Prevista,Si,Estructural,CEV,,,2026-11-30,,2026-11,0,PLZ-0202,,Salida prevista al programa CEV. La plaza se reutiliza.,"Dato sintético. Pendiente confirmar calendario real CEV. Supuesto: efecto en noviembre 2026 junto con la sustitución, neto 0.",RRHH,Completo,Si
SYN-0203,Yago Demo Duran Jové,Empresa Demo Corporativa,syn-0203@demo.hccontrol.local,Analista de sistemas,Pol Demo Ferrer,Tecnología,Pol Demo Ferrer,2021-10-17,Si,SID-0203,Base,Activo,Si,Estructural,Regular,,,,,2026-08,0,PLZ-0203,,Fotografía de cierre agosto 2026.,Dato sintético. Base autorizada.,RRHH,Completo,Si
SYN-0204,Zoe Demo Espasa Nadal,Empresa Demo Corporativa,syn-0204@demo.hccontrol.local,Ciberseguridad,Pol Demo Ferrer,Tecnología,Pol Demo Ferrer,2022-01-22,Si,SID-0204,Base,Activo,Si,Estructural,Regular,,,,,2026-08,0,PLZ-0204,,Fotografía de cierre agosto 2026.,Dato sintético. Base autorizada.,RRHH,Completo,Si
SYN-0205,Berta Demo Font Rius,Empresa Demo Corporativa,syn-0205@demo.hccontrol.local,Arquitectura IT,Pol Demo Ferrer,Tecnología,Pol Demo Ferrer,2023-04-27,Si,SID-0205,Base,Activo,Si,Estructural,Regular,,,,,2026-08,0,PLZ-0205,,Fotografía de cierre agosto 2026.,Dato sintético. Base autorizada.,RRHH,Completo,Si
SYN-0206,Cesc Demo Grau Ubach,Empresa Demo Corporativa,syn-0206@demo.hccontrol.local,Soporte corporativo,Pol Demo Ferrer,Tecnología,Pol Demo Ferrer,2024-07-05,Si,SID-0206,Base,Activo,Si,Estructural,Regular,,,,,2026-08,0,PLZ-0206,,Fotografía de cierre agosto 2026.,Dato sintético. Base autorizada.,RRHH,Completo,Si
SYN-0207,Dídac Demo Homs Bosch,Empresa Demo Corporativa,syn-0207@demo.hccontrol.local,Ingeniería de software,Pol Demo Ferrer,Tecnología,Pol Demo Ferrer,2025-10-10,Si,SID-0207,Base,Activo,Si,Estructural,Regular,,,,,2026-08,0,PLZ-0207,,Fotografía de cierre agosto 2026.,Dato sintético. Base autorizada.,RRHH,Completo,Si
SYN-0208,Emma Demo Isern Espasa,Empresa Demo Corporativa,syn-0208@demo.hccontrol.local,Analista de sistemas,Pol Demo Ferrer,Tecnología,Pol Demo Ferrer,2018-01-15,Si,SID-0208,Base,Activo,Si,Estructural,Regular,,,,,2026-08,0,PLZ-0208,,Fotografía de cierre agosto 2026.,Dato sintético. Base autorizada.,RRHH,Completo,Si
SYN-0209,Fran Demo Jové Homs,Empresa Demo Corporativa,syn-0209@demo.hccontrol.local,Ciberseguridad,Pol Demo Ferrer,Tecnología,Pol Demo Ferrer,2019-04-20,Si,SID-0209,Base,Activo,Si,Estructural,Regular,,,,,2026-08,0,PLZ-0209,,Fotografía de cierre agosto 2026.,Dato sintético. Base autorizada.,RRHH,Completo,Si
SYN-0210,Alex Demo Llobet Llobet,Empresa Demo Corporativa,syn-0210@demo.hccontrol.local,Arquitectura IT,Pol Demo Ferrer,Tecnología,Pol Demo Ferrer,2020-07-25,Si,SID-0210,Base,Activo,Si,Estructural,Regular,,,,,2026-08,0,PLZ-0210,,Fotografía de cierre agosto 2026.,Dato sintético. Base autorizada.,RRHH,Completo,Si
SYN-0211,Aina Demo Miró Olivé,Empresa Demo Corporativa,syn-0211@demo.hccontrol.local,Soporte corporativo,Pol Demo Ferrer,Tecnología,Pol Demo Ferrer,2021-10-03,Si,SID-0211,Base,Activo,Si,Estructural,Regular,,,,,2026-08,0,PLZ-0211,,Fotografía de cierre agosto 2026.,Dato sintético. Base autorizada.,RRHH,Completo,Si
SYN-0212,Bruno Demo Nadal Serra,Empresa Demo Corporativa,syn-0212@demo.hccontrol.local,Ingeniería de software,Pol Demo Ferrer,Tecnología,Pol Demo Ferrer,2022-01-08,Si,SID-0212,Base,Activo,Si,Estructural,Regular,,,,,2026-08,0,PLZ-0212,,Fotografía de cierre agosto 2026.,Dato sintético. Base autorizada.,RRHH,Completo,Si
SYN-0213,Carla Demo Olivé Vidal,Empresa Demo Corporativa,syn-0213@demo.hccontrol.local,Analista de sistemas,Pol Demo Ferrer,Tecnología,Pol Demo Ferrer,2023-04-13,Si,SID-0213,Base,Activo,Si,Estructural,Regular,,,,,2026-08,0,PLZ-0213,,Fotografía de cierre agosto 2026.,Dato sintético. Base autorizada.,RRHH,Completo,Si
SYN-0214,Duna Demo Pujol Casals,Empresa Demo Corporativa,syn-0214@demo.hccontrol.local,Ciberseguridad,Pol Demo Ferrer,Tecnología,Pol Demo Ferrer,2024-07-18,Si,SID-0214,Base,Activo,Si,Estructural,Regular,,,,,2026-08,0,PLZ-0214,,Fotografía de cierre agosto 2026.,Dato sintético. Base autorizada.,RRHH,Completo,Si
SYN-0215,Enric Demo Rius Font,Empresa Demo Corporativa,syn-0215@demo.hccontrol.local,Arquitectura IT,Pol Demo Ferrer,Tecnología,Pol Demo Ferrer,2025-10-23,Si,SID-0215,Base,Activo,Si,Estructural,Regular,,,,,2026-08,0,PLZ-0215,,Fotografía de cierre agosto 2026.,Dato sintético. Base autorizada.,RRHH,Completo,Si
SYN-0216,Ferran Demo Serra Isern,Empresa Demo Corporativa,syn-0216@demo.hccontrol.local,Soporte corporativo,Pol Demo Ferrer,Tecnología,Pol Demo Ferrer,2018-01-01,Si,SID-0216,Base,Activo,Si,Estructural,Regular,,,,,2026-08,0,PLZ-0216,,Fotografía de cierre agosto 2026.,Dato sintético. Base autorizada.,RRHH,Completo,Si
SYN-0217,Gala Demo Tormo Miró,Empresa Demo Corporativa,syn-0217@demo.hccontrol.local,Ingeniería de software,Pol Demo Ferrer,Tecnología,Pol Demo Ferrer,2019-04-06,Si,SID-0217,Base,Activo,Si,Estructural,Regular,,,,,2026-08,0,PLZ-0217,,Fotografía de cierre agosto 2026.,Dato sintético. Base autorizada.,RRHH,Completo,Si
SYN-0218,Helena Demo Ubach Pujol,Empresa Demo Corporativa,syn-0218@demo.hccontrol.local,Analista de sistemas,Pol Demo Ferrer,Tecnología,Pol Demo Ferrer,2020-07-11,Si,SID-0218,Base,Activo,Si,Estructural,Regular,,,,,2026-08,0,PLZ-0218,,Fotografía de cierre agosto 2026.,Dato sintético. Base autorizada.,RRHH,Completo,Si
SYN-0219,Iria Demo Vidal Tormo,Empresa Demo Corporativa,syn-0219@demo.hccontrol.local,Ciberseguridad,Pol Demo Ferrer,Tecnología,Pol Demo Ferrer,2021-10-16,Si,SID-0219,Base,Activo,Si,Estructural,Regular,,,,,2026-08,0,PLZ-0219,,Fotografía de cierre agosto 2026.,Dato sintético. Base autorizada.,RRHH,Completo,Si
SYN-0220,Joel Demo Alba Alba,Empresa Demo Corporativa,syn-0220@demo.hccontrol.local,Arquitectura IT,Pol Demo Ferrer,Tecnología,Pol Demo Ferrer,2022-01-21,Si,SID-0220,Base,Activo,Si,Estructural,Regular,,,,,2026-08,0,PLZ-0220,,Fotografía de cierre agosto 2026.,Dato sintético. Base autorizada.,RRHH,Completo,Si
SYN-0221,Laia Demo Bosch Duran,Empresa Demo Corporativa,syn-0221@demo.hccontrol.local,Soporte corporativo,Pol Demo Ferrer,Tecnología,Pol Demo Ferrer,2023-04-26,Si,SID-0221,Base,Activo,Si,Estructural,Regular,,,,,2026-08,0,PLZ-0221,,Fotografía de cierre agosto 2026.,Dato sintético. Base autorizada.,RRHH,Completo,Si
SYN-0222,Marc Demo Casals Grau,Empresa Demo Corporativa,syn-0222@demo.hccontrol.local,Ingeniería de software,Pol Demo Ferrer,Tecnología,Pol Demo Ferrer,2024-07-04,Si,SID-0222,Base,Activo,Si,Estructural,Regular,,,,,2026-08,0,PLZ-0222,,Fotografía de cierre agosto 2026.,Dato sintético. Base autorizada.,RRHH,Completo,Si
SYN-0223,Noa Demo Duran Jové,Empresa Demo Corporativa,syn-0223@demo.hccontrol.local,Analista de sistemas,Pol Demo Ferrer,Tecnología,Pol Demo Ferrer,2025-10-09,Si,SID-0223,Base,Activo,Si,Estructural,Regular,,,,,2026-08,0,PLZ-0223,,Fotografía de cierre agosto 2026.,Dato sintético. Base autorizada.,RRHH,Completo,Si
SYN-0224,Ona Demo Espasa Nadal,Empresa Demo Corporativa,syn-0224@demo.hccontrol.local,Ciberseguridad,Pol Demo Ferrer,Tecnología,Pol Demo Ferrer,2018-01-14,Si,SID-0224,Base,Activo,Si,Estructural,Regular,,,,,2026-08,0,PLZ-0224,,Fotografía de cierre agosto 2026.,Dato sintético. Base autorizada.,RRHH,Completo,Si
SYN-0225,Pau Demo Font Rius,Empresa Demo Corporativa,syn-0225@demo.hccontrol.local,Arquitectura IT,Pol Demo Ferrer,Tecnología,Pol Demo Ferrer,2019-04-19,Si,SID-0225,Base,Activo,Si,Estructural,Regular,,,,,2026-08,0,PLZ-0225,,Fotografía de cierre agosto 2026.,Dato sintético. Base autorizada.,RRHH,Completo,Si
SYN-0226,Queralt Demo Grau Ubach,Empresa Demo Corporativa,syn-0226@demo.hccontrol.local,Soporte corporativo,Pol Demo Ferrer,Tecnología,Pol Demo Ferrer,2020-07-24,Si,SID-0226,Base,Activo,Si,Estructural,Regular,,,,,2026-08,0,PLZ-0226,,Fotografía de cierre agosto 2026.,Dato sintético. Base autorizada.,RRHH,Completo,Si
SYN-0227,Roc Demo Homs Bosch,Empresa Demo Corporativa,syn-0227@demo.hccontrol.local,Ingeniería de software,Pol Demo Ferrer,Tecnología,Pol Demo Ferrer,2021-10-02,Si,SID-0227,Base,Activo,Si,Estructural,Regular,,,,,2026-08,0,PLZ-0227,,Fotografía de cierre agosto 2026.,Dato sintético. Base autorizada.,RRHH,Completo,Si
SYN-0228,Salma Demo Isern Espasa,Empresa Demo Corporativa,syn-0228@demo.hccontrol.local,Analista de sistemas,Pol Demo Ferrer,Tecnología,Pol Demo Ferrer,2022-01-07,Si,SID-0228,Base,Activo,Si,Estructural,Regular,,,,,2026-08,0,PLZ-0228,,Fotografía de cierre agosto 2026.,Dato sintético. Base autorizada.,RRHH,Completo,Si
SYN-0229,Toni Demo Jové Homs,Empresa Demo Corporativa,syn-0229@demo.hccontrol.local,Ciberseguridad,Pol Demo Ferrer,Tecnología,Pol Demo Ferrer,2023-04-12,Si,SID-0229,Base,Activo,Si,Estructural,Regular,,,,,2026-08,0,PLZ-0229,,Fotografía de cierre agosto 2026.,Dato sintético. Base autorizada.,RRHH,Completo,Si
SYN-0230,Unai Demo Llobet Llobet,Empresa Demo Corporativa,syn-0230@demo.hccontrol.local,Arquitectura IT,Pol Demo Ferrer,Tecnología,Pol Demo Ferrer,2024-07-17,Si,SID-0230,Base,Activo,Si,Estructural,Regular,,,,,2026-08,0,PLZ-0230,,Fotografía de cierre agosto 2026.,Dato sintético. Base autorizada.,RRHH,Completo,Si
SYN-0231,Vera Demo Miró Olivé,Empresa Demo Corporativa,syn-0231@demo.hccontrol.local,Soporte corporativo,Pol Demo Ferrer,Tecnología,Pol Demo Ferrer,2025-10-22,Si,SID-0231,Base,Activo,Si,Estructural,Regular,,,,,2026-08,0,PLZ-0231,,Fotografía de cierre agosto 2026.,Dato sintético. Base autorizada.,RRHH,Completo,Si
SYN-0232,Xenia Demo Nadal Serra,Empresa Demo Corporativa,syn-0232@demo.hccontrol.local,Ingeniería de software,Pol Demo Ferrer,Tecnología,Pol Demo Ferrer,2018-01-27,Si,SID-0232,Base,Salida_Prevista,Si,Estructural,CEV,,,2026-11-30,,2026-11,0,PLZ-0232,,Salida prevista al programa CEV. La plaza se reutiliza.,"Dato sintético. Pendiente confirmar calendario real CEV. Supuesto: efecto en noviembre 2026 junto con la sustitución, neto 0.",RRHH,Completo,Si
SYN-0233,Yago Demo Olivé Vidal,Empresa Demo Corporativa,syn-0233@demo.hccontrol.local,Analista de sistemas,Pol Demo Ferrer,Tecnología,Pol Demo Ferrer,2019-04-05,Si,SID-0233,Base,Activo,Si,Estructural,Regular,,,,,2026-08,0,PLZ-0233,,Fotografía de cierre agosto 2026.,Dato sintético. Base autorizada.,RRHH,Completo,Si
SYN-0234,Zoe Demo Pujol Casals,Empresa Demo Corporativa,syn-0234@demo.hccontrol.local,Ciberseguridad,Pol Demo Ferrer,Tecnología,Pol Demo Ferrer,2020-07-10,Si,SID-0234,Base,Activo,Si,Estructural,Regular,,,,,2026-08,0,PLZ-0234,,Fotografía de cierre agosto 2026.,Dato sintético. Base autorizada.,RRHH,Completo,Si
SYN-0235,Berta Demo Rius Font,Empresa Demo Corporativa,syn-0235@demo.hccontrol.local,Arquitectura IT,Pol Demo Ferrer,Tecnología,Pol Demo Ferrer,2021-10-15,Si,SID-0235,Base,Activo,Si,Estructural,Regular,,,,,2026-08,0,PLZ-0235,,Fotografía de cierre agosto 2026.,Dato sintético. Base autorizada.,RRHH,Completo,Si
SYN-0236,Cesc Demo Serra Isern,Empresa Demo Corporativa,syn-0236@demo.hccontrol.local,Soporte corporativo,Pol Demo Ferrer,Tecnología,Pol Demo Ferrer,2022-01-20,Si,SID-0236,Base,Activo,Si,Estructural,Regular,,,,,2026-08,0,PLZ-0236,,Fotografía de cierre agosto 2026.,Dato sintético. Base autorizada.,RRHH,Completo,Si
SYN-0237,Dídac Demo Tormo Miró,Empresa Demo Corporativa,syn-0237@demo.hccontrol.local,Ingeniería de software,Pol Demo Ferrer,Tecnología,Pol Demo Ferrer,2023-04-25,Si,SID-0237,Base,Activo,Si,Estructural,Regular,,,,,2026-08,0,PLZ-0237,,Fotografía de cierre agosto 2026.,Dato sintético. Base autorizada.,RRHH,Completo,Si
SYN-0238,Emma Demo Ubach Pujol,Empresa Demo Corporativa,syn-0238@demo.hccontrol.local,Analista de sistemas,Pol Demo Ferrer,Tecnología,Pol Demo Ferrer,2024-07-03,Si,SID-0238,Base,Activo,Si,Estructural,Regular,,,,,2026-08,0,PLZ-0238,,Fotografía de cierre agosto 2026.,Dato sintético. Base autorizada.,RRHH,Completo,Si
SYN-0239,Fran Demo Vidal Tormo,Empresa Demo Corporativa,syn-0239@demo.hccontrol.local,Ciberseguridad,Pol Demo Ferrer,Tecnología,Pol Demo Ferrer,2025-10-08,Si,SID-0239,Base,Activo,Si,Estructural,Regular,,,,,2026-08,0,PLZ-0239,,Fotografía de cierre agosto 2026.,Dato sintético. Base autorizada.,RRHH,Completo,Si
SYN-0240,Alex Demo Alba Alba,Empresa Demo Corporativa,syn-0240@demo.hccontrol.local,Arquitectura IT,Pol Demo Ferrer,Tecnología,Pol Demo Ferrer,2018-01-13,Si,SID-0240,Base,Activo,Si,Estructural,Regular,,,,,2026-08,0,PLZ-0240,,Fotografía de cierre agosto 2026.,Dato sintético. Base autorizada.,RRHH,Completo,Si
SYN-0241,Aina Demo Bosch Duran,Empresa Demo Corporativa,syn-0241@demo.hccontrol.local,Soporte corporativo,Pol Demo Ferrer,Tecnología,Pol Demo Ferrer,2019-04-18,Si,SID-0241,Base,Activo,Si,Estructural,Regular,,,,,2026-08,0,PLZ-0241,,Fotografía de cierre agosto 2026.,Dato sintético. Base autorizada.,RRHH,Completo,Si
SYN-0242,Bruno Demo Casals Grau,Empresa Demo Corporativa,syn-0242@demo.hccontrol.local,Ingeniería de software,Pol Demo Ferrer,Tecnología,Pol Demo Ferrer,2020-07-23,Si,SID-0242,Base,Activo,Si,Estructural,Regular,,,,,2026-08,0,PLZ-0242,,Fotografía de cierre agosto 2026.,Dato sintético. Base autorizada.,RRHH,Completo,Si
SYN-0243,Carla Demo Duran Jové,Empresa Demo Corporativa,syn-0243@demo.hccontrol.local,Analista de sistemas,Pol Demo Ferrer,Tecnología,Pol Demo Ferrer,2021-10-01,Si,SID-0243,Base,Activo,Si,Estructural,Regular,,,,,2026-08,0,PLZ-0243,,Fotografía de cierre agosto 2026.,Dato sintético. Base autorizada.,RRHH,Completo,Si
SYN-0244,Duna Demo Espasa Nadal,Empresa Demo Corporativa,syn-0244@demo.hccontrol.local,Ciberseguridad,Pol Demo Ferrer,Tecnología,Pol Demo Ferrer,2022-01-06,Si,SID-0244,Base,Activo,Si,Estructural,Regular,,,,,2026-08,0,PLZ-0244,,Fotografía de cierre agosto 2026.,Dato sintético. Base autorizada.,RRHH,Completo,Si
SYN-0245,Enric Demo Font Rius,Empresa Demo Corporativa,syn-0245@demo.hccontrol.local,Arquitectura IT,Pol Demo Ferrer,Tecnología,Pol Demo Ferrer,2023-04-11,Si,SID-0245,Base,Activo,Si,Estructural,Regular,,,,,2026-08,0,PLZ-0245,,Fotografía de cierre agosto 2026.,Dato sintético. Base autorizada.,RRHH,Completo,Si
SYN-0246,Ferran Demo Grau Ubach,Empresa Demo Corporativa,syn-0246@demo.hccontrol.local,Soporte corporativo,Pol Demo Ferrer,Tecnología,Pol Demo Ferrer,2024-07-16,Si,SID-0246,Base,Activo,Si,Estructural,Regular,,,,,2026-08,0,PLZ-0246,,Fotografía de cierre agosto 2026.,Dato sintético. Base autorizada.,RRHH,Completo,Si
SYN-0247,Gala Demo Homs Bosch,Empresa Demo Corporativa,syn-0247@demo.hccontrol.local,Ingeniería de software,Pol Demo Ferrer,Tecnología,Pol Demo Ferrer,2025-10-21,Si,SID-0247,Base,Activo,Si,Estructural,Regular,,,,,2026-08,0,PLZ-0247,,Fotografía de cierre agosto 2026.,Dato sintético. Base autorizada.,RRHH,Completo,Si
SYN-0248,Helena Demo Isern Espasa,Empresa Demo Corporativa,syn-0248@demo.hccontrol.local,Analista de sistemas,Pol Demo Ferrer,Tecnología,Pol Demo Ferrer,2018-01-26,Si,SID-0248,Base,Activo,Si,Estructural,Regular,,,,,2026-08,0,PLZ-0248,,Fotografía de cierre agosto 2026.,Dato sintético. Base autorizada.,RRHH,Completo,Si
SYN-0249,Iria Demo Jové Homs,Empresa Demo Corporativa,syn-0249@demo.hccontrol.local,Ciberseguridad,Pol Demo Ferrer,Tecnología,Pol Demo Ferrer,2019-04-04,Si,SID-0249,Base,Activo,Si,Estructural,Regular,,,,,2026-08,0,PLZ-0249,,Fotografía de cierre agosto 2026.,Dato sintético. Base autorizada.,RRHH,Completo,Si
SYN-0250,Joel Demo Llobet Llobet,Empresa Demo Corporativa,syn-0250@demo.hccontrol.local,Arquitectura IT,Pol Demo Ferrer,Tecnología,Pol Demo Ferrer,2020-07-09,Si,SID-0250,Base,Activo,Si,Estructural,Regular,,,,,2026-08,0,PLZ-0250,,Fotografía de cierre agosto 2026.,Dato sintético. Base autorizada.,RRHH,Completo,Si
SYN-0251,Laia Demo Miró Olivé,Empresa Demo Corporativa,syn-0251@demo.hccontrol.local,Soporte corporativo,Pol Demo Ferrer,Tecnología,Pol Demo Ferrer,2021-10-14,Si,SID-0251,Base,Activo,Si,Estructural,Regular,,,,,2026-08,0,PLZ-0251,,Fotografía de cierre agosto 2026.,Dato sintético. Base autorizada.,RRHH,Completo,Si
SYN-0252,Marc Demo Nadal Serra,Empresa Demo Corporativa,syn-0252@demo.hccontrol.local,Ingeniería de software,Pol Demo Ferrer,Tecnología,Pol Demo Ferrer,2022-01-19,Si,SID-0252,Base,Activo,Si,Estructural,Regular,,,,,2026-08,0,PLZ-0252,,Fotografía de cierre agosto 2026.,Dato sintético. Base autorizada.,RRHH,Completo,Si
SYN-0253,Noa Demo Olivé Vidal,Empresa Demo Corporativa,syn-0253@demo.hccontrol.local,Analista de sistemas,Pol Demo Ferrer,Tecnología,Pol Demo Ferrer,2023-04-24,Si,SID-0253,Base,Activo,Si,Estructural,Regular,,,,,2026-08,0,PLZ-0253,,Fotografía de cierre agosto 2026.,Dato sintético. Base autorizada.,RRHH,Completo,Si
SYN-0254,Ona Demo Pujol Casals,Empresa Demo Corporativa,syn-0254@demo.hccontrol.local,Ciberseguridad,Pol Demo Ferrer,Tecnología,Pol Demo Ferrer,2024-07-02,Si,SID-0254,Base,Activo,Si,Estructural,Regular,,,,,2026-08,0,PLZ-0254,,Fotografía de cierre agosto 2026.,Dato sintético. Base autorizada.,RRHH,Completo,Si
SYN-0255,Pau Demo Rius Font,Empresa Demo Corporativa,syn-0255@demo.hccontrol.local,Arquitectura IT,Pol Demo Ferrer,Tecnología,Pol Demo Ferrer,2025-10-07,Si,SID-0255,Base,Activo,Si,Estructural,Regular,,,,,2026-08,0,PLZ-0255,,Fotografía de cierre agosto 2026.,Dato sintético. Base autorizada.,RRHH,Completo,Si
SYN-0256,Queralt Demo Serra Isern,Empresa Demo Corporativa,syn-0256@demo.hccontrol.local,Soporte corporativo,Pol Demo Ferrer,Tecnología,Pol Demo Ferrer,2018-01-12,Si,SID-0256,Base,Activo,Si,Estructural,Regular,,,,,2026-08,0,PLZ-0256,,Fotografía de cierre agosto 2026.,Dato sintético. Base autorizada.,RRHH,Completo,Si
SYN-0257,Roc Demo Tormo Miró,Empresa Demo Corporativa,syn-0257@demo.hccontrol.local,Ingeniería de software,Pol Demo Ferrer,Tecnología,Pol Demo Ferrer,2019-04-17,Si,SID-0257,Base,Activo,Si,Estructural,Regular,,,,,2026-08,0,PLZ-0257,,Fotografía de cierre agosto 2026.,Dato sintético. Base autorizada.,RRHH,Completo,Si
SYN-0258,Salma Demo Ubach Pujol,Empresa Demo Corporativa,syn-0258@demo.hccontrol.local,Analista de sistemas,Pol Demo Ferrer,Tecnología,Pol Demo Ferrer,2020-07-22,Si,SID-0258,Base,Activo,Si,Estructural,Regular,,,,,2026-08,0,PLZ-0258,,Fotografía de cierre agosto 2026.,Dato sintético. Base autorizada.,RRHH,Completo,Si
SYN-0259,Toni Demo Vidal Tormo,Empresa Demo Corporativa,syn-0259@demo.hccontrol.local,Ciberseguridad,Pol Demo Ferrer,Tecnología,Pol Demo Ferrer,2021-10-27,Si,SID-0259,Base,Activo,Si,Estructural,Regular,,,,,2026-08,0,PLZ-0259,,Fotografía de cierre agosto 2026.,Dato sintético. Base autorizada.,RRHH,Completo,Si
SYN-0260,Unai Demo Alba Alba,Empresa Demo Corporativa,syn-0260@demo.hccontrol.local,Arquitectura IT,Pol Demo Ferrer,Tecnología,Pol Demo Ferrer,2022-01-05,Si,SID-0260,Base,Activo,Si,Estructural,Regular,,,,,2026-08,0,PLZ-0260,,Fotografía de cierre agosto 2026.,Dato sintético. Base autorizada.,RRHH,Completo,Si
SYN-0261,Vera Demo Bosch Duran,Empresa Demo Corporativa,syn-0261@demo.hccontrol.local,Soporte corporativo,Pol Demo Ferrer,Tecnología,Pol Demo Ferrer,2023-04-10,Si,SID-0261,Base,Activo,Si,Estructural,Regular,,,,,2026-08,0,PLZ-0261,,Fotografía de cierre agosto 2026.,Dato sintético. Base autorizada.,RRHH,Completo,Si
SYN-0262,Xenia Demo Casals Grau,Empresa Demo Corporativa,syn-0262@demo.hccontrol.local,Ingeniería de software,Pol Demo Ferrer,Tecnología,Pol Demo Ferrer,2024-07-15,Si,SID-0262,Base,Activo,Si,Estructural,Regular,,,,,2026-08,0,PLZ-0262,,Fotografía de cierre agosto 2026.,Dato sintético. Base autorizada.,RRHH,Completo,Si
SYN-0263,Yago Demo Duran Jové,Empresa Demo Corporativa,syn-0263@demo.hccontrol.local,Analista de sistemas,Pol Demo Ferrer,Tecnología,Pol Demo Ferrer,2025-10-20,Si,SID-0263,Base,Activo,Si,Estructural,Regular,,,,,2026-08,0,PLZ-0263,,Fotografía de cierre agosto 2026.,Dato sintético. Base autorizada.,RRHH,Completo,Si
SYN-0264,Zoe Demo Espasa Nadal,Empresa Demo Corporativa,syn-0264@demo.hccontrol.local,Ciberseguridad,Pol Demo Ferrer,Tecnología,Pol Demo Ferrer,2018-01-25,Si,SID-0264,Base,Activo,Si,Estructural,Regular,,,,,2026-08,0,PLZ-0264,,Fotografía de cierre agosto 2026.,Dato sintético. Base autorizada.,RRHH,Completo,Si
SYN-0265,Berta Demo Font Rius,Empresa Demo Corporativa,syn-0265@demo.hccontrol.local,Arquitectura IT,Pol Demo Ferrer,Tecnología,Pol Demo Ferrer,2019-04-03,Si,SID-0265,Base,Activo,Si,Estructural,Regular,,,,,2026-08,0,PLZ-0265,,Fotografía de cierre agosto 2026.,Dato sintético. Base autorizada.,RRHH,Completo,Si
SYN-0266,Cesc Demo Grau Ubach,Empresa Demo Corporativa,syn-0266@demo.hccontrol.local,Soporte corporativo,Pol Demo Ferrer,Tecnología,Pol Demo Ferrer,2020-07-08,Si,SID-0266,Base,Activo,Si,Estructural,Regular,,,,,2026-08,0,PLZ-0266,,Fotografía de cierre agosto 2026.,Dato sintético. Base autorizada.,RRHH,Completo,Si
SYN-0267,Dídac Demo Homs Bosch,Empresa Demo Corporativa,syn-0267@demo.hccontrol.local,Ingeniería de software,Pol Demo Ferrer,Tecnología,Pol Demo Ferrer,2021-10-13,Si,SID-0267,Base,Salida_Prevista,Si,Estructural,CEV,,,2026-11-30,,2026-11,0,PLZ-0267,,Salida prevista al programa CEV. La plaza se reutiliza.,"Dato sintético. Pendiente confirmar calendario real CEV. Supuesto: efecto en noviembre 2026 junto con la sustitución, neto 0.",RRHH,Completo,Si
SYN-0268,Emma Demo Isern Espasa,Empresa Demo Corporativa,syn-0268@demo.hccontrol.local,Analista de sistemas,Pol Demo Ferrer,Tecnología,Pol Demo Ferrer,2022-01-18,Si,SID-0268,Base,Activo,Si,Estructural,Regular,,,,,2026-08,0,PLZ-0268,,Fotografía de cierre agosto 2026.,Dato sintético. Base autorizada.,RRHH,Completo,Si
SYN-0269,Fran Demo Jové Homs,Empresa Demo Corporativa,syn-0269@demo.hccontrol.local,Ciberseguridad,Pol Demo Ferrer,Tecnología,Pol Demo Ferrer,2023-04-23,Si,SID-0269,Base,Activo,Si,Estructural,Regular,,,,,2026-08,0,PLZ-0269,,Fotografía de cierre agosto 2026.,Dato sintético. Base autorizada.,RRHH,Completo,Si
SYN-0270,Alex Demo Llobet Llobet,Empresa Demo Corporativa,syn-0270@demo.hccontrol.local,Arquitectura IT,Pol Demo Ferrer,Tecnología,Pol Demo Ferrer,2024-07-01,Si,SID-0270,Base,Activo,Si,Estructural,Regular,,,,,2026-08,0,PLZ-0270,,Fotografía de cierre agosto 2026.,Dato sintético. Base autorizada.,RRHH,Completo,Si
SYN-0271,Aina Demo Miró Olivé,Empresa Demo Corporativa,syn-0271@demo.hccontrol.local,Soporte corporativo,Pol Demo Ferrer,Tecnología,Pol Demo Ferrer,2025-10-06,Si,SID-0271,Base,Activo,Si,Estructural,Regular,,,,,2026-08,0,PLZ-0271,,Fotografía de cierre agosto 2026.,Dato sintético. Base autorizada.,RRHH,Completo,Si
SYN-0272,Bruno Demo Nadal Serra,Empresa Demo Corporativa,syn-0272@demo.hccontrol.local,Ingeniería de software,Pol Demo Ferrer,Tecnología,Pol Demo Ferrer,2018-01-11,Si,SID-0272,Base,Activo,Si,Estructural,Regular,,,,,2026-08,0,PLZ-0272,,Fotografía de cierre agosto 2026.,Dato sintético. Base autorizada.,RRHH,Completo,Si
SYN-0273,Carla Demo Olivé Vidal,Empresa Demo Corporativa,syn-0273@demo.hccontrol.local,Analista de sistemas,Pol Demo Ferrer,Tecnología,Pol Demo Ferrer,2019-04-16,Si,SID-0273,Base,Activo,Si,Estructural,Regular,,,,,2026-08,0,PLZ-0273,,Fotografía de cierre agosto 2026.,Dato sintético. Base autorizada.,RRHH,Completo,Si
SYN-0274,Duna Demo Pujol Casals,Empresa Demo Corporativa,syn-0274@demo.hccontrol.local,Ciberseguridad,Pol Demo Ferrer,Tecnología,Pol Demo Ferrer,2020-07-21,Si,SID-0274,Base,Activo,Si,Estructural,Regular,,,,,2026-08,0,PLZ-0274,,Fotografía de cierre agosto 2026.,Dato sintético. Base autorizada.,RRHH,Completo,Si
SYN-0275,Enric Demo Rius Font,Empresa Demo Corporativa,syn-0275@demo.hccontrol.local,Arquitectura IT,Pol Demo Ferrer,Tecnología,Pol Demo Ferrer,2021-10-26,Si,SID-0275,Base,Activo,Si,Estructural,Regular,,,,,2026-08,0,PLZ-0275,,Fotografía de cierre agosto 2026.,Dato sintético. Base autorizada.,RRHH,Completo,Si
SYN-0276,Ferran Demo Serra Isern,Empresa Demo Corporativa,syn-0276@demo.hccontrol.local,Soporte corporativo,Pol Demo Ferrer,Tecnología,Pol Demo Ferrer,2022-01-04,Si,SID-0276,Base,Activo,Si,Estructural,Regular,,,,,2026-08,0,PLZ-0276,,Fotografía de cierre agosto 2026.,Dato sintético. Base autorizada.,RRHH,Completo,Si
SYN-0277,Gala Demo Tormo Miró,Empresa Demo Corporativa,syn-0277@demo.hccontrol.local,Ingeniería de software,Pol Demo Ferrer,Tecnología,Pol Demo Ferrer,2023-04-09,Si,SID-0277,Base,Activo,Si,Estructural,Regular,,,,,2026-08,0,PLZ-0277,,Fotografía de cierre agosto 2026.,Dato sintético. Base autorizada.,RRHH,Completo,Si
SYN-0278,Helena Demo Ubach Pujol,Empresa Demo Corporativa,syn-0278@demo.hccontrol.local,Analista de sistemas,Pol Demo Ferrer,Tecnología,Pol Demo Ferrer,2024-07-14,Si,SID-0278,Base,Activo,Si,Estructural,Regular,,,,,2026-08,0,PLZ-0278,,Fotografía de cierre agosto 2026.,Dato sintético. Base autorizada.,RRHH,Completo,Si
SYN-0279,Iria Demo Vidal Tormo,Empresa Demo Servicios,syn-0279@demo.hccontrol.local,Gestión comercial,Elena Demo Pujol,Comercial,Elena Demo Pujol,2025-10-19,Si,SID-0279,Base,Activo,Si,Estructural,Regular,,,,,2026-08,0,PLZ-0279,,Fotografía de cierre agosto 2026.,Dato sintético. Base autorizada.,RRHH,Completo,Si
SYN-0280,Joel Demo Alba Alba,Empresa Demo Servicios,syn-0280@demo.hccontrol.local,Key account,Elena Demo Pujol,Comercial,Elena Demo Pujol,2018-01-24,Si,SID-0280,Base,Activo,Si,Estructural,Regular,,,,,2026-08,0,PLZ-0280,,Fotografía de cierre agosto 2026.,Dato sintético. Base autorizada.,RRHH,Completo,Si
SYN-0281,Laia Demo Bosch Duran,Empresa Demo Servicios,syn-0281@demo.hccontrol.local,Preventa,Elena Demo Pujol,Comercial,Elena Demo Pujol,2019-04-02,Si,SID-0281,Base,Activo,Si,Estructural,Regular,,,,,2026-08,0,PLZ-0281,,Fotografía de cierre agosto 2026.,Dato sintético. Base autorizada.,RRHH,Completo,Si
SYN-0282,Marc Demo Casals Grau,Empresa Demo Servicios,syn-0282@demo.hccontrol.local,Atención a cliente,Elena Demo Pujol,Comercial,Elena Demo Pujol,2020-07-07,Si,SID-0282,Base,Activo,Si,Estructural,Regular,,,,,2026-08,0,PLZ-0282,,Fotografía de cierre agosto 2026.,Dato sintético. Base autorizada.,RRHH,Completo,Si
SYN-0283,Noa Demo Duran Jové,Empresa Demo Servicios,syn-0283@demo.hccontrol.local,Desarrollo de negocio,Elena Demo Pujol,Comercial,Elena Demo Pujol,2021-10-12,Si,SID-0283,Base,Activo,Si,Estructural,Regular,,,,,2026-08,0,PLZ-0283,,Fotografía de cierre agosto 2026.,Dato sintético. Base autorizada.,RRHH,Completo,Si
SYN-0284,Ona Demo Espasa Nadal,Empresa Demo Servicios,syn-0284@demo.hccontrol.local,Gestión comercial,Elena Demo Pujol,Comercial,Elena Demo Pujol,2022-01-17,Si,SID-0284,Base,Activo,Si,Estructural,Regular,,,,,2026-08,0,PLZ-0284,,Fotografía de cierre agosto 2026.,Dato sintético. Base autorizada.,RRHH,Completo,Si
SYN-0285,Pau Demo Font Rius,Empresa Demo Servicios,syn-0285@demo.hccontrol.local,Key account,Elena Demo Pujol,Comercial,Elena Demo Pujol,2023-04-22,Si,SID-0285,Base,Activo,Si,Estructural,Regular,,,,,2026-08,0,PLZ-0285,,Fotografía de cierre agosto 2026.,Dato sintético. Base autorizada.,RRHH,Completo,Si
SYN-0286,Queralt Demo Grau Ubach,Empresa Demo Servicios,syn-0286@demo.hccontrol.local,Preventa,Elena Demo Pujol,Comercial,Elena Demo Pujol,2024-07-27,Si,SID-0286,Base,Activo,Si,Estructural,Regular,,,,,2026-08,0,PLZ-0286,,Fotografía de cierre agosto 2026.,Dato sintético. Base autorizada.,RRHH,Completo,Si
SYN-0287,Roc Demo Homs Bosch,Empresa Demo Servicios,syn-0287@demo.hccontrol.local,Atención a cliente,Elena Demo Pujol,Comercial,Elena Demo Pujol,2025-10-05,Si,SID-0287,Base,Activo,Si,Estructural,Regular,,,,,2026-08,0,PLZ-0287,,Fotografía de cierre agosto 2026.,Dato sintético. Base autorizada.,RRHH,Completo,Si
SYN-0288,Salma Demo Isern Espasa,Empresa Demo Servicios,syn-0288@demo.hccontrol.local,Desarrollo de negocio,Elena Demo Pujol,Comercial,Elena Demo Pujol,2018-01-10,Si,SID-0288,Base,Activo,Si,Estructural,Regular,,,,,2026-08,0,PLZ-0288,,Fotografía de cierre agosto 2026.,Dato sintético. Base autorizada.,RRHH,Completo,Si
SYN-0289,Toni Demo Jové Homs,Empresa Demo Servicios,syn-0289@demo.hccontrol.local,Gestión comercial,Elena Demo Pujol,Comercial,Elena Demo Pujol,2019-04-15,Si,SID-0289,Base,Salida_Prevista,Si,Estructural,CEV,,,2026-11-30,,2026-11,0,PLZ-0289,,Salida prevista al programa CEV. La plaza se reutiliza.,"Dato sintético. Pendiente confirmar calendario real CEV. Supuesto: efecto en noviembre 2026 junto con la sustitución, neto 0.",RRHH,Completo,Si
SYN-0290,Unai Demo Llobet Llobet,Empresa Demo Servicios,syn-0290@demo.hccontrol.local,Key account,Elena Demo Pujol,Comercial,Elena Demo Pujol,2020-07-20,Si,SID-0290,Base,Activo,Si,Estructural,Regular,,,,,2026-08,0,PLZ-0290,,Fotografía de cierre agosto 2026.,Dato sintético. Base autorizada.,RRHH,Completo,Si
SYN-0291,Vera Demo Miró Olivé,Empresa Demo Servicios,syn-0291@demo.hccontrol.local,Preventa,Elena Demo Pujol,Comercial,Elena Demo Pujol,2021-10-25,Si,SID-0291,Base,Activo,Si,Estructural,Regular,,,,,2026-08,0,PLZ-0291,,Fotografía de cierre agosto 2026.,Dato sintético. Base autorizada.,RRHH,Completo,Si
SYN-0292,Xenia Demo Nadal Serra,Empresa Demo Servicios,syn-0292@demo.hccontrol.local,Atención a cliente,Elena Demo Pujol,Comercial,Elena Demo Pujol,2022-01-03,Si,SID-0292,Base,Activo,Si,Estructural,Regular,,,,,2026-08,0,PLZ-0292,,Fotografía de cierre agosto 2026.,Dato sintético. Base autorizada.,RRHH,Completo,Si
SYN-0293,Yago Demo Olivé Vidal,Empresa Demo Servicios,syn-0293@demo.hccontrol.local,Desarrollo de negocio,Elena Demo Pujol,Comercial,Elena Demo Pujol,2023-04-08,Si,SID-0293,Base,Activo,Si,Estructural,Regular,,,,,2026-08,0,PLZ-0293,,Fotografía de cierre agosto 2026.,Dato sintético. Base autorizada.,RRHH,Completo,Si
SYN-0294,Zoe Demo Pujol Casals,Empresa Demo Servicios,syn-0294@demo.hccontrol.local,Gestión comercial,Elena Demo Pujol,Comercial,Elena Demo Pujol,2024-07-13,Si,SID-0294,Base,Activo,Si,Estructural,Regular,,,,,2026-08,0,PLZ-0294,,Fotografía de cierre agosto 2026.,Dato sintético. Base autorizada.,RRHH,Completo,Si
SYN-0295,Berta Demo Rius Font,Empresa Demo Servicios,syn-0295@demo.hccontrol.local,Key account,Elena Demo Pujol,Comercial,Elena Demo Pujol,2025-10-18,Si,SID-0295,Base,Activo,Si,Estructural,Regular,,,,,2026-08,0,PLZ-0295,,Fotografía de cierre agosto 2026.,Dato sintético. Base autorizada.,RRHH,Completo,Si
SYN-0296,Cesc Demo Serra Isern,Empresa Demo Servicios,syn-0296@demo.hccontrol.local,Preventa,Elena Demo Pujol,Comercial,Elena Demo Pujol,2018-01-23,Si,SID-0296,Base,Activo,Si,Estructural,Regular,,,,,2026-08,0,PLZ-0296,,Fotografía de cierre agosto 2026.,Dato sintético. Base autorizada.,RRHH,Completo,Si
SYN-0297,Dídac Demo Tormo Miró,Empresa Demo Servicios,syn-0297@demo.hccontrol.local,Atención a cliente,Elena Demo Pujol,Comercial,Elena Demo Pujol,2019-04-01,Si,SID-0297,Base,Activo,Si,Estructural,Regular,,,,,2026-08,0,PLZ-0297,,Fotografía de cierre agosto 2026.,Dato sintético. Base autorizada.,RRHH,Completo,Si
SYN-0298,Emma Demo Ubach Pujol,Empresa Demo Servicios,syn-0298@demo.hccontrol.local,Desarrollo de negocio,Elena Demo Pujol,Comercial,Elena Demo Pujol,2020-07-06,Si,SID-0298,Base,Activo,Si,Estructural,Regular,,,,,2026-08,0,PLZ-0298,,Fotografía de cierre agosto 2026.,Dato sintético. Base autorizada.,RRHH,Completo,Si
SYN-0299,Fran Demo Vidal Tormo,Empresa Demo Servicios,syn-0299@demo.hccontrol.local,Gestión comercial,Elena Demo Pujol,Comercial,Elena Demo Pujol,2021-10-11,Si,SID-0299,Base,Activo,Si,Estructural,Regular,,,,,2026-08,0,PLZ-0299,,Fotografía de cierre agosto 2026.,Dato sintético. Base autorizada.,RRHH,Completo,Si
SYN-0300,Alex Demo Alba Alba,Empresa Demo Servicios,syn-0300@demo.hccontrol.local,Key account,Elena Demo Pujol,Comercial,Elena Demo Pujol,2022-01-16,Si,SID-0300,Base,Activo,Si,Estructural,Regular,,,,,2026-08,0,PLZ-0300,,Fotografía de cierre agosto 2026.,Dato sintético. Base autorizada.,RRHH,Completo,Si
SYN-0301,Aina Demo Bosch Duran,Empresa Demo Servicios,syn-0301@demo.hccontrol.local,Preventa,Elena Demo Pujol,Comercial,Elena Demo Pujol,2023-04-21,Si,SID-0301,Base,Activo,Si,Estructural,Regular,,,,,2026-08,0,PLZ-0301,,Fotografía de cierre agosto 2026.,Dato sintético. Base autorizada.,RRHH,Completo,Si
SYN-0302,Bruno Demo Casals Grau,Empresa Demo Servicios,syn-0302@demo.hccontrol.local,Atención a cliente,Elena Demo Pujol,Comercial,Elena Demo Pujol,2024-07-26,Si,SID-0302,Base,Activo,Si,Estructural,Regular,,,,,2026-08,0,PLZ-0302,,Fotografía de cierre agosto 2026.,Dato sintético. Base autorizada.,RRHH,Completo,Si
SYN-0303,Carla Demo Duran Jové,Empresa Demo Servicios,syn-0303@demo.hccontrol.local,Desarrollo de negocio,Elena Demo Pujol,Comercial,Elena Demo Pujol,2025-10-04,Si,SID-0303,Base,Activo,Si,Estructural,Regular,,,,,2026-08,0,PLZ-0303,,Fotografía de cierre agosto 2026.,Dato sintético. Base autorizada.,RRHH,Completo,Si
SYN-0304,Duna Demo Espasa Nadal,Empresa Demo Servicios,syn-0304@demo.hccontrol.local,Gestión comercial,Elena Demo Pujol,Comercial,Elena Demo Pujol,2018-01-09,Si,SID-0304,Base,Activo,Si,Estructural,Regular,,,,,2026-08,0,PLZ-0304,,Fotografía de cierre agosto 2026.,Dato sintético. Base autorizada.,RRHH,Completo,Si
SYN-0305,Enric Demo Font Rius,Empresa Demo Servicios,syn-0305@demo.hccontrol.local,Key account,Elena Demo Pujol,Comercial,Elena Demo Pujol,2019-04-14,Si,SID-0305,Base,Activo,Si,Estructural,Regular,,,,,2026-08,0,PLZ-0305,,Fotografía de cierre agosto 2026.,Dato sintético. Base autorizada.,RRHH,Completo,Si
SYN-0306,Ferran Demo Grau Ubach,Empresa Demo Servicios,syn-0306@demo.hccontrol.local,Preventa,Elena Demo Pujol,Comercial,Elena Demo Pujol,2020-07-19,Si,SID-0306,Base,Activo,Si,Estructural,Regular,,,,,2026-08,0,PLZ-0306,,Fotografía de cierre agosto 2026.,Dato sintético. Base autorizada.,RRHH,Completo,Si
SYN-0307,Gala Demo Homs Bosch,Empresa Demo Servicios,syn-0307@demo.hccontrol.local,Atención a cliente,Elena Demo Pujol,Comercial,Elena Demo Pujol,2021-10-24,Si,SID-0307,Base,Activo,Si,Estructural,Regular,,,,,2026-08,0,PLZ-0307,,Fotografía de cierre agosto 2026.,Dato sintético. Base autorizada.,RRHH,Completo,Si
SYN-0308,Helena Demo Isern Espasa,Empresa Demo Servicios,syn-0308@demo.hccontrol.local,Desarrollo de negocio,Elena Demo Pujol,Comercial,Elena Demo Pujol,2022-01-02,Si,SID-0308,Base,Activo,Si,Estructural,Regular,,,,,2026-08,0,PLZ-0308,,Fotografía de cierre agosto 2026.,Dato sintético. Base autorizada.,RRHH,Completo,Si
SYN-0309,Iria Demo Jové Homs,Empresa Demo Servicios,syn-0309@demo.hccontrol.local,Gestión comercial,Elena Demo Pujol,Comercial,Elena Demo Pujol,2023-04-07,Si,SID-0309,Base,Activo,Si,Estructural,Regular,,,,,2026-08,0,PLZ-0309,,Fotografía de cierre agosto 2026.,Dato sintético. Base autorizada.,RRHH,Completo,Si
SYN-0310,Joel Demo Llobet Llobet,Empresa Demo Servicios,syn-0310@demo.hccontrol.local,Key account,Elena Demo Pujol,Comercial,Elena Demo Pujol,2024-07-12,Si,SID-0310,Base,Activo,Si,Estructural,Regular,,,,,2026-08,0,PLZ-0310,,Fotografía de cierre agosto 2026.,Dato sintético. Base autorizada.,RRHH,Completo,Si
SYN-0311,Laia Demo Miró Olivé,Empresa Demo Servicios,syn-0311@demo.hccontrol.local,Preventa,Elena Demo Pujol,Comercial,Elena Demo Pujol,2025-10-17,Si,SID-0311,Base,Activo,Si,Estructural,Regular,,,,,2026-08,0,PLZ-0311,,Fotografía de cierre agosto 2026.,Dato sintético. Base autorizada.,RRHH,Completo,Si
SYN-0312,Marc Demo Nadal Serra,Empresa Demo Servicios,syn-0312@demo.hccontrol.local,Atención a cliente,Elena Demo Pujol,Comercial,Elena Demo Pujol,2018-01-22,Si,SID-0312,Base,Activo,Si,Estructural,Regular,,,,,2026-08,0,PLZ-0312,,Fotografía de cierre agosto 2026.,Dato sintético. Base autorizada.,RRHH,Completo,Si
SYN-0313,Noa Demo Olivé Vidal,Empresa Demo Servicios,syn-0313@demo.hccontrol.local,Desarrollo de negocio,Elena Demo Pujol,Comercial,Elena Demo Pujol,2019-04-27,Si,SID-0313,Base,Activo,Si,Estructural,Regular,,,,,2026-08,0,PLZ-0313,,Fotografía de cierre agosto 2026.,Dato sintético. Base autorizada.,RRHH,Completo,Si
SYN-0314,Ona Demo Pujol Casals,Empresa Demo Servicios,syn-0314@demo.hccontrol.local,Gestión comercial,Elena Demo Pujol,Comercial,Elena Demo Pujol,2020-07-05,Si,SID-0314,Base,Activo,Si,Estructural,Regular,,,,,2026-08,0,PLZ-0314,,Fotografía de cierre agosto 2026.,Dato sintético. Base autorizada.,RRHH,Completo,Si
SYN-0315,Pau Demo Rius Font,Empresa Demo Servicios,syn-0315@demo.hccontrol.local,Key account,Elena Demo Pujol,Comercial,Elena Demo Pujol,2021-10-10,Si,SID-0315,Base,Activo,Si,Estructural,Regular,,,,,2026-08,0,PLZ-0315,,Fotografía de cierre agosto 2026.,Dato sintético. Base autorizada.,RRHH,Completo,Si
SYN-0316,Queralt Demo Serra Isern,Empresa Demo Servicios,syn-0316@demo.hccontrol.local,Preventa,Elena Demo Pujol,Comercial,Elena Demo Pujol,2022-01-15,Si,SID-0316,Base,Activo,Si,Estructural,Regular,,,,,2026-08,0,PLZ-0316,,Fotografía de cierre agosto 2026.,Dato sintético. Base autorizada.,RRHH,Completo,Si
SYN-0317,Roc Demo Tormo Miró,Empresa Demo Servicios,syn-0317@demo.hccontrol.local,Atención a cliente,Elena Demo Pujol,Comercial,Elena Demo Pujol,2023-04-20,Si,SID-0317,Base,Activo,Si,Estructural,Regular,,,,,2026-08,0,PLZ-0317,,Fotografía de cierre agosto 2026.,Dato sintético. Base autorizada.,RRHH,Completo,Si
SYN-0318,Salma Demo Ubach Pujol,Empresa Demo Servicios,syn-0318@demo.hccontrol.local,Desarrollo de negocio,Elena Demo Pujol,Comercial,Elena Demo Pujol,2024-07-25,Si,SID-0318,Base,Activo,Si,Estructural,Regular,,,,,2026-08,0,PLZ-0318,,Fotografía de cierre agosto 2026.,Dato sintético. Base autorizada.,RRHH,Completo,Si
SYN-0319,Toni Demo Vidal Tormo,Empresa Demo Servicios,syn-0319@demo.hccontrol.local,Gestión comercial,Elena Demo Pujol,Comercial,Elena Demo Pujol,2025-10-03,Si,SID-0319,Base,Salida_Prevista,Si,Estructural,CEV,,,2026-11-30,,2026-11,0,PLZ-0319,,Salida prevista al programa CEV. La plaza se reutiliza.,"Dato sintético. Pendiente confirmar calendario real CEV. Supuesto: efecto en noviembre 2026 junto con la sustitución, neto 0.",RRHH,Completo,Si
SYN-0320,Unai Demo Alba Alba,Empresa Demo Servicios,syn-0320@demo.hccontrol.local,Key account,Elena Demo Pujol,Comercial,Elena Demo Pujol,2018-01-08,Si,SID-0320,Base,Activo,Si,Estructural,Regular,,,,,2026-08,0,PLZ-0320,,Fotografía de cierre agosto 2026.,Dato sintético. Base autorizada.,RRHH,Completo,Si
SYN-0321,Vera Demo Bosch Duran,Empresa Demo Servicios,syn-0321@demo.hccontrol.local,Preventa,Elena Demo Pujol,Comercial,Elena Demo Pujol,2019-04-13,Si,SID-0321,Base,Activo,Si,Estructural,Regular,,,,,2026-08,0,PLZ-0321,,Fotografía de cierre agosto 2026.,Dato sintético. Base autorizada.,RRHH,Completo,Si
SYN-0322,Xenia Demo Casals Grau,Empresa Demo Servicios,syn-0322@demo.hccontrol.local,Atención a cliente,Elena Demo Pujol,Comercial,Elena Demo Pujol,2020-07-18,Si,SID-0322,Base,Activo,Si,Estructural,Regular,,,,,2026-08,0,PLZ-0322,,Fotografía de cierre agosto 2026.,Dato sintético. Base autorizada.,RRHH,Completo,Si
SYN-0323,Yago Demo Duran Jové,Empresa Demo Servicios,syn-0323@demo.hccontrol.local,Desarrollo de negocio,Elena Demo Pujol,Comercial,Elena Demo Pujol,2021-10-23,Si,SID-0323,Base,Activo,Si,Estructural,Regular,,,,,2026-08,0,PLZ-0323,,Fotografía de cierre agosto 2026.,Dato sintético. Base autorizada.,RRHH,Completo,Si
SYN-0324,Zoe Demo Espasa Nadal,Empresa Demo Servicios,syn-0324@demo.hccontrol.local,Gestión comercial,Elena Demo Pujol,Comercial,Elena Demo Pujol,2022-01-01,Si,SID-0324,Base,Activo,Si,Estructural,Regular,,,,,2026-08,0,PLZ-0324,,Fotografía de cierre agosto 2026.,Dato sintético. Base autorizada.,RRHH,Completo,Si
SYN-0325,Berta Demo Font Rius,Empresa Demo Servicios,syn-0325@demo.hccontrol.local,Key account,Elena Demo Pujol,Comercial,Elena Demo Pujol,2023-04-06,Si,SID-0325,Base,Activo,Si,Estructural,Regular,,,,,2026-08,0,PLZ-0325,,Fotografía de cierre agosto 2026.,Dato sintético. Base autorizada.,RRHH,Completo,Si
SYN-0326,Cesc Demo Grau Ubach,Empresa Demo Servicios,syn-0326@demo.hccontrol.local,Preventa,Elena Demo Pujol,Comercial,Elena Demo Pujol,2024-07-11,Si,SID-0326,Base,Activo,Si,Estructural,Regular,,,,,2026-08,0,PLZ-0326,,Fotografía de cierre agosto 2026.,Dato sintético. Base autorizada.,RRHH,Completo,Si
SYN-0327,Dídac Demo Homs Bosch,Empresa Demo Servicios,syn-0327@demo.hccontrol.local,Atención a cliente,Elena Demo Pujol,Comercial,Elena Demo Pujol,2025-10-16,Si,SID-0327,Base,Activo,Si,Estructural,Regular,,,,,2026-08,0,PLZ-0327,,Fotografía de cierre agosto 2026.,Dato sintético. Base autorizada.,RRHH,Completo,Si
SYN-0328,Emma Demo Isern Espasa,Empresa Demo Servicios,syn-0328@demo.hccontrol.local,Desarrollo de negocio,Elena Demo Pujol,Comercial,Elena Demo Pujol,2018-01-21,Si,SID-0328,Base,Activo,Si,Estructural,Regular,,,,,2026-08,0,PLZ-0328,,Fotografía de cierre agosto 2026.,Dato sintético. Base autorizada.,RRHH,Completo,Si
SYN-0329,Fran Demo Jové Homs,Empresa Demo Servicios,syn-0329@demo.hccontrol.local,Gestión comercial,Elena Demo Pujol,Comercial,Elena Demo Pujol,2019-04-26,Si,SID-0329,Base,Activo,Si,Estructural,Regular,,,,,2026-08,0,PLZ-0329,,Fotografía de cierre agosto 2026.,Dato sintético. Base autorizada.,RRHH,Completo,Si
SYN-0330,Alex Demo Llobet Llobet,Empresa Demo Servicios,syn-0330@demo.hccontrol.local,Key account,Elena Demo Pujol,Comercial,Elena Demo Pujol,2020-07-04,Si,SID-0330,Base,Activo,Si,Estructural,Regular,,,,,2026-08,0,PLZ-0330,,Fotografía de cierre agosto 2026.,Dato sintético. Base autorizada.,RRHH,Completo,Si
SYN-0331,Aina Demo Miró Olivé,Empresa Demo Servicios,syn-0331@demo.hccontrol.local,Preventa,Elena Demo Pujol,Comercial,Elena Demo Pujol,2021-10-09,Si,SID-0331,Base,Activo,Si,Estructural,Regular,,,,,2026-08,0,PLZ-0331,,Fotografía de cierre agosto 2026.,Dato sintético. Base autorizada.,RRHH,Completo,Si
SYN-0332,Bruno Demo Nadal Serra,Empresa Demo Servicios,syn-0332@demo.hccontrol.local,Atención a cliente,Elena Demo Pujol,Comercial,Elena Demo Pujol,2022-01-14,Si,SID-0332,Base,Activo,Si,Estructural,Regular,,,,,2026-08,0,PLZ-0332,,Fotografía de cierre agosto 2026.,Dato sintético. Base autorizada.,RRHH,Completo,Si
SYN-0333,Carla Demo Olivé Vidal,Empresa Demo Servicios,syn-0333@demo.hccontrol.local,Desarrollo de negocio,Elena Demo Pujol,Comercial,Elena Demo Pujol,2023-04-19,Si,SID-0333,Base,Activo,Si,Estructural,Regular,,,,,2026-08,0,PLZ-0333,,Fotografía de cierre agosto 2026.,Dato sintético. Base autorizada.,RRHH,Completo,Si
SYN-0334,Duna Demo Pujol Casals,Empresa Demo Servicios,syn-0334@demo.hccontrol.local,Gestión comercial,Elena Demo Pujol,Comercial,Elena Demo Pujol,2024-07-24,Si,SID-0334,Base,Activo,Si,Estructural,Regular,,,,,2026-08,0,PLZ-0334,,Fotografía de cierre agosto 2026.,Dato sintético. Base autorizada.,RRHH,Completo,Si
SYN-0335,Enric Demo Rius Font,Empresa Demo Servicios,syn-0335@demo.hccontrol.local,Key account,Elena Demo Pujol,Comercial,Elena Demo Pujol,2025-10-02,Si,SID-0335,Base,Activo,Si,Estructural,Regular,,,,,2026-08,0,PLZ-0335,,Fotografía de cierre agosto 2026.,Dato sintético. Base autorizada.,RRHH,Completo,Si
SYN-0336,Ferran Demo Serra Isern,Empresa Demo Servicios,syn-0336@demo.hccontrol.local,Preventa,Elena Demo Pujol,Comercial,Elena Demo Pujol,2018-01-07,Si,SID-0336,Base,Activo,Si,Estructural,Regular,,,,,2026-08,0,PLZ-0336,,Fotografía de cierre agosto 2026.,Dato sintético. Base autorizada.,RRHH,Completo,Si
SYN-0337,Gala Demo Tormo Miró,Empresa Demo Servicios,syn-0337@demo.hccontrol.local,Atención a cliente,Elena Demo Pujol,Comercial,Elena Demo Pujol,2019-04-12,Si,SID-0337,Base,Activo,Si,Estructural,Regular,,,,,2026-08,0,PLZ-0337,,Fotografía de cierre agosto 2026.,Dato sintético. Base autorizada.,RRHH,Completo,Si
SYN-0338,Helena Demo Ubach Pujol,Empresa Demo Servicios,syn-0338@demo.hccontrol.local,Desarrollo de negocio,Elena Demo Pujol,Comercial,Elena Demo Pujol,2020-07-17,Si,SID-0338,Base,Activo,Si,Estructural,Regular,,,,,2026-08,0,PLZ-0338,,Fotografía de cierre agosto 2026.,Dato sintético. Base autorizada.,RRHH,Completo,Si
SYN-0339,Iria Demo Vidal Tormo,Empresa Demo Servicios,syn-0339@demo.hccontrol.local,Gestión comercial,Elena Demo Pujol,Comercial,Elena Demo Pujol,2021-10-22,Si,SID-0339,Base,Activo,Si,Estructural,Regular,,,,,2026-08,0,PLZ-0339,,Fotografía de cierre agosto 2026.,Dato sintético. Base autorizada.,RRHH,Completo,Si
SYN-0340,Joel Demo Alba Alba,Empresa Demo Servicios,syn-0340@demo.hccontrol.local,Key account,Elena Demo Pujol,Comercial,Elena Demo Pujol,2022-01-27,Si,SID-0340,Base,Activo,Si,Estructural,Regular,,,,,2026-08,0,PLZ-0340,,Fotografía de cierre agosto 2026.,Dato sintético. Base autorizada.,RRHH,Completo,Si
SYN-0341,Laia Demo Bosch Duran,Empresa Demo Servicios,syn-0341@demo.hccontrol.local,Preventa,Elena Demo Pujol,Comercial,Elena Demo Pujol,2023-04-05,Si,SID-0341,Base,Activo,Si,Estructural,Regular,,,,,2026-08,0,PLZ-0341,,Fotografía de cierre agosto 2026.,Dato sintético. Base autorizada.,RRHH,Completo,Si
SYN-0342,Marc Demo Casals Grau,Empresa Demo Servicios,syn-0342@demo.hccontrol.local,Atención a cliente,Elena Demo Pujol,Comercial,Elena Demo Pujol,2024-07-10,Si,SID-0342,Base,Activo,Si,Estructural,Regular,,,,,2026-08,0,PLZ-0342,,Fotografía de cierre agosto 2026.,Dato sintético. Base autorizada.,RRHH,Completo,Si
SYN-0343,Noa Demo Duran Jové,Empresa Demo Servicios,syn-0343@demo.hccontrol.local,Desarrollo de negocio,Elena Demo Pujol,Comercial,Elena Demo Pujol,2025-10-15,Si,SID-0343,Base,Activo,Si,Estructural,Regular,,,,,2026-08,0,PLZ-0343,,Fotografía de cierre agosto 2026.,Dato sintético. Base autorizada.,RRHH,Completo,Si
SYN-0344,Ona Demo Espasa Nadal,Empresa Demo Servicios,syn-0344@demo.hccontrol.local,Gestión comercial,Elena Demo Pujol,Comercial,Elena Demo Pujol,2018-01-20,Si,SID-0344,Base,Activo,Si,Estructural,Regular,,,,,2026-08,0,PLZ-0344,,Fotografía de cierre agosto 2026.,Dato sintético. Base autorizada.,RRHH,Completo,Si
SYN-0345,Pau Demo Font Rius,Empresa Demo Servicios,syn-0345@demo.hccontrol.local,Key account,Elena Demo Pujol,Comercial,Elena Demo Pujol,2019-04-25,Si,SID-0345,Base,Activo,Si,Estructural,Regular,,,,,2026-08,0,PLZ-0345,,Fotografía de cierre agosto 2026.,Dato sintético. Base autorizada.,RRHH,Completo,Si
SYN-0346,Queralt Demo Grau Ubach,Empresa Demo Servicios,syn-0346@demo.hccontrol.local,Preventa,Elena Demo Pujol,Comercial,Elena Demo Pujol,2020-07-03,Si,SID-0346,Base,Activo,Si,Estructural,Regular,,,,,2026-08,0,PLZ-0346,,Fotografía de cierre agosto 2026.,Dato sintético. Base autorizada.,RRHH,Completo,Si
SYN-0347,Roc Demo Homs Bosch,Empresa Demo Servicios,syn-0347@demo.hccontrol.local,Atención a cliente,Elena Demo Pujol,Comercial,Elena Demo Pujol,2021-10-08,Si,SID-0347,Base,Activo,Si,Estructural,Regular,,,,,2026-08,0,PLZ-0347,,Fotografía de cierre agosto 2026.,Dato sintético. Base autorizada.,RRHH,Completo,Si
SYN-0348,Salma Demo Isern Espasa,Empresa Demo Servicios,syn-0348@demo.hccontrol.local,Desarrollo de negocio,Elena Demo Pujol,Comercial,Elena Demo Pujol,2022-01-13,Si,SID-0348,Base,Activo,Si,Estructural,Regular,,,,,2026-08,0,PLZ-0348,,Fotografía de cierre agosto 2026.,Dato sintético. Base autorizada.,RRHH,Completo,Si
SYN-0349,Toni Demo Jové Homs,Empresa Demo Servicios,syn-0349@demo.hccontrol.local,Gestión comercial,Elena Demo Pujol,Comercial,Elena Demo Pujol,2023-04-18,Si,SID-0349,Base,Activo,Si,Estructural,Regular,,,,,2026-08,0,PLZ-0349,,Fotografía de cierre agosto 2026.,Dato sintético. Base autorizada.,RRHH,Completo,Si
SYN-0350,Unai Demo Llobet Llobet,Empresa Demo Servicios,syn-0350@demo.hccontrol.local,Key account,Elena Demo Pujol,Comercial,Elena Demo Pujol,2024-07-23,Si,SID-0350,Base,Activo,Si,Estructural,Regular,,,,,2026-08,0,PLZ-0350,,Fotografía de cierre agosto 2026.,Dato sintético. Base autorizada.,RRHH,Completo,Si
SYN-0351,Vera Demo Miró Olivé,Empresa Demo Servicios,syn-0351@demo.hccontrol.local,Preventa,Elena Demo Pujol,Comercial,Elena Demo Pujol,2025-10-01,Si,SID-0351,Base,Activo,Si,Estructural,Regular,,,,,2026-08,0,PLZ-0351,,Fotografía de cierre agosto 2026.,Dato sintético. Base autorizada.,RRHH,Completo,Si
SYN-0352,Xenia Demo Nadal Serra,Empresa Demo Servicios,syn-0352@demo.hccontrol.local,Atención a cliente,Elena Demo Pujol,Comercial,Elena Demo Pujol,2018-01-06,Si,SID-0352,Base,Activo,Si,Estructural,Regular,,,,,2026-08,0,PLZ-0352,,Fotografía de cierre agosto 2026.,Dato sintético. Base autorizada.,RRHH,Completo,Si
SYN-0353,Yago Demo Olivé Vidal,Empresa Demo Servicios,syn-0353@demo.hccontrol.local,Desarrollo de negocio,Elena Demo Pujol,Comercial,Elena Demo Pujol,2019-04-11,Si,SID-0353,Base,Activo,Si,Estructural,Regular,,,,,2026-08,0,PLZ-0353,,Fotografía de cierre agosto 2026.,Dato sintético. Base autorizada.,RRHH,Completo,Si
SYN-0354,Zoe Demo Pujol Casals,Empresa Demo Servicios,syn-0354@demo.hccontrol.local,Gestión comercial,Elena Demo Pujol,Comercial,Elena Demo Pujol,2020-07-16,Si,SID-0354,Base,Activo,Si,Estructural,Regular,,,,,2026-08,0,PLZ-0354,,Fotografía de cierre agosto 2026.,Dato sintético. Base autorizada.,RRHH,Completo,Si
SYN-0355,Berta Demo Rius Font,Empresa Demo Servicios,syn-0355@demo.hccontrol.local,Key account,Elena Demo Pujol,Comercial,Elena Demo Pujol,2021-10-21,Si,SID-0355,Base,Activo,Si,Estructural,Regular,,,,,2026-08,0,PLZ-0355,,Fotografía de cierre agosto 2026.,Dato sintético. Base autorizada.,RRHH,Completo,Si
SYN-0356,Cesc Demo Serra Isern,Empresa Demo Servicios,syn-0356@demo.hccontrol.local,Preventa,Elena Demo Pujol,Comercial,Elena Demo Pujol,2022-01-26,Si,SID-0356,Base,Activo,Si,Estructural,Regular,,,,,2026-08,0,PLZ-0356,,Fotografía de cierre agosto 2026.,Dato sintético. Base autorizada.,RRHH,Completo,Si
SYN-0357,Dídac Demo Tormo Miró,Empresa Demo Servicios,syn-0357@demo.hccontrol.local,Atención a cliente,Elena Demo Pujol,Comercial,Elena Demo Pujol,2023-04-04,Si,SID-0357,Base,Activo,Si,Estructural,Regular,,,,,2026-08,0,PLZ-0357,,Fotografía de cierre agosto 2026.,Dato sintético. Base autorizada.,RRHH,Completo,Si
SYN-0358,Emma Demo Ubach Pujol,Empresa Demo Servicios,syn-0358@demo.hccontrol.local,Desarrollo de negocio,Elena Demo Pujol,Comercial,Elena Demo Pujol,2024-07-09,Si,SID-0358,Base,Activo,Si,Estructural,Regular,,,,,2026-08,0,PLZ-0358,,Fotografía de cierre agosto 2026.,Dato sintético. Base autorizada.,RRHH,Completo,Si
SYN-0359,Fran Demo Vidal Tormo,Empresa Demo Servicios,syn-0359@demo.hccontrol.local,Gestión comercial,Elena Demo Pujol,Comercial,Elena Demo Pujol,2025-10-14,Si,SID-0359,Base,Salida_Prevista,Si,Estructural,CEV,,,2026-11-30,,2026-11,0,PLZ-0359,,Salida prevista al programa CEV. La plaza se reutiliza.,"Dato sintético. Pendiente confirmar calendario real CEV. Supuesto: efecto en noviembre 2026 junto con la sustitución, neto 0.",RRHH,Completo,Si
SYN-0360,Alex Demo Alba Alba,Empresa Demo Servicios,syn-0360@demo.hccontrol.local,Key account,Elena Demo Pujol,Comercial,Elena Demo Pujol,2018-01-19,Si,SID-0360,Base,Activo,Si,Estructural,Regular,,,,,2026-08,0,PLZ-0360,,Fotografía de cierre agosto 2026.,Dato sintético. Base autorizada.,RRHH,Completo,Si
SYN-0361,Aina Demo Bosch Duran,Empresa Demo Servicios,syn-0361@demo.hccontrol.local,Preventa,Elena Demo Pujol,Comercial,Elena Demo Pujol,2019-04-24,Si,SID-0361,Base,Activo,Si,Estructural,Regular,,,,,2026-08,0,PLZ-0361,,Fotografía de cierre agosto 2026.,Dato sintético. Base autorizada.,RRHH,Completo,Si
SYN-0362,Bruno Demo Casals Grau,Empresa Demo Servicios,syn-0362@demo.hccontrol.local,Atención a cliente,Elena Demo Pujol,Comercial,Elena Demo Pujol,2020-07-02,Si,SID-0362,Base,Activo,Si,Estructural,Regular,,,,,2026-08,0,PLZ-0362,,Fotografía de cierre agosto 2026.,Dato sintético. Base autorizada.,RRHH,Completo,Si
SYN-0363,Carla Demo Duran Jové,Empresa Demo Servicios,syn-0363@demo.hccontrol.local,Desarrollo de negocio,Elena Demo Pujol,Comercial,Elena Demo Pujol,2021-10-07,Si,SID-0363,Base,Activo,Si,Estructural,Regular,,,,,2026-08,0,PLZ-0363,,Fotografía de cierre agosto 2026.,Dato sintético. Base autorizada.,RRHH,Completo,Si
SYN-0364,Duna Demo Espasa Nadal,Empresa Demo Servicios,syn-0364@demo.hccontrol.local,Gestión comercial,Elena Demo Pujol,Comercial,Elena Demo Pujol,2022-01-12,Si,SID-0364,Base,Activo,Si,Estructural,Regular,,,,,2026-08,0,PLZ-0364,,Fotografía de cierre agosto 2026.,Dato sintético. Base autorizada.,RRHH,Completo,Si
SYN-0365,Enric Demo Font Rius,Empresa Demo Servicios,syn-0365@demo.hccontrol.local,Key account,Elena Demo Pujol,Comercial,Elena Demo Pujol,2023-04-17,Si,SID-0365,Base,Activo,Si,Estructural,Regular,,,,,2026-08,0,PLZ-0365,,Fotografía de cierre agosto 2026.,Dato sintético. Base autorizada.,RRHH,Completo,Si
SYN-0366,Ferran Demo Grau Ubach,Empresa Demo Servicios,syn-0366@demo.hccontrol.local,Preventa,Elena Demo Pujol,Comercial,Elena Demo Pujol,2024-07-22,Si,SID-0366,Base,Activo,Si,Estructural,Regular,,,,,2026-08,0,PLZ-0366,,Fotografía de cierre agosto 2026.,Dato sintético. Base autorizada.,RRHH,Completo,Si
SYN-0367,Gala Demo Homs Bosch,Empresa Demo Servicios,syn-0367@demo.hccontrol.local,Atención a cliente,Elena Demo Pujol,Comercial,Elena Demo Pujol,2025-10-27,Si,SID-0367,Base,Activo,Si,Estructural,Regular,,,,,2026-08,0,PLZ-0367,,Fotografía de cierre agosto 2026.,Dato sintético. Base autorizada.,RRHH,Completo,Si
SYN-0368,Helena Demo Isern Espasa,Empresa Demo Servicios,syn-0368@demo.hccontrol.local,Desarrollo de negocio,Elena Demo Pujol,Comercial,Elena Demo Pujol,2018-01-05,Si,SID-0368,Base,Activo,Si,Estructural,Regular,,,,,2026-08,0,PLZ-0368,,Fotografía de cierre agosto 2026.,Dato sintético. Base autorizada.,RRHH,Completo,Si
SYN-0369,Iria Demo Jové Homs,Empresa Demo Servicios,syn-0369@demo.hccontrol.local,Gestión comercial,Elena Demo Pujol,Comercial,Elena Demo Pujol,2019-04-10,Si,SID-0369,Base,Activo,Si,Estructural,Regular,,,,,2026-08,0,PLZ-0369,,Fotografía de cierre agosto 2026.,Dato sintético. Base autorizada.,RRHH,Completo,Si
SYN-0370,Joel Demo Llobet Llobet,Empresa Demo Servicios,syn-0370@demo.hccontrol.local,Key account,Elena Demo Pujol,Comercial,Elena Demo Pujol,2020-07-15,Si,SID-0370,Base,Activo,Si,Estructural,Regular,,,,,2026-08,0,PLZ-0370,,Fotografía de cierre agosto 2026.,Dato sintético. Base autorizada.,RRHH,Completo,Si
SYN-0371,Laia Demo Miró Olivé,Empresa Demo Servicios,syn-0371@demo.hccontrol.local,Preventa,Elena Demo Pujol,Comercial,Elena Demo Pujol,2021-10-20,Si,SID-0371,Base,Activo,Si,Estructural,Regular,,,,,2026-08,0,PLZ-0371,,Fotografía de cierre agosto 2026.,Dato sintético. Base autorizada.,RRHH,Completo,Si
SYN-0372,Marc Demo Nadal Serra,Empresa Demo Servicios,syn-0372@demo.hccontrol.local,Atención a cliente,Elena Demo Pujol,Comercial,Elena Demo Pujol,2022-01-25,Si,SID-0372,Base,Activo,Si,Estructural,Regular,,,,,2026-08,0,PLZ-0372,,Fotografía de cierre agosto 2026.,Dato sintético. Base autorizada.,RRHH,Completo,Si
SYN-0373,Noa Demo Olivé Vidal,Empresa Demo Servicios,syn-0373@demo.hccontrol.local,Desarrollo de negocio,Elena Demo Pujol,Comercial,Elena Demo Pujol,2023-04-03,Si,SID-0373,Base,Activo,Si,Estructural,Regular,,,,,2026-08,0,PLZ-0373,,Fotografía de cierre agosto 2026.,Dato sintético. Base autorizada.,RRHH,Completo,Si
SYN-0374,Ona Demo Pujol Casals,Empresa Demo Servicios,syn-0374@demo.hccontrol.local,Gestión comercial,Elena Demo Pujol,Comercial,Elena Demo Pujol,2024-07-08,Si,SID-0374,Base,Activo,Si,Estructural,Regular,,,,,2026-08,0,PLZ-0374,,Fotografía de cierre agosto 2026.,Dato sintético. Base autorizada.,RRHH,Completo,Si
SYN-0375,Pau Demo Rius Font,Empresa Demo Servicios,syn-0375@demo.hccontrol.local,Key account,Elena Demo Pujol,Comercial,Elena Demo Pujol,2025-10-13,Si,SID-0375,Base,Activo,Si,Estructural,Regular,,,,,2026-08,0,PLZ-0375,,Fotografía de cierre agosto 2026.,Dato sintético. Base autorizada.,RRHH,Completo,Si
SYN-0376,Queralt Demo Serra Isern,Empresa Demo Servicios,syn-0376@demo.hccontrol.local,Preventa,Elena Demo Pujol,Comercial,Elena Demo Pujol,2018-01-18,Si,SID-0376,Base,Activo,Si,Estructural,Regular,,,,,2026-08,0,PLZ-0376,,Fotografía de cierre agosto 2026.,Dato sintético. Base autorizada.,RRHH,Completo,Si
SYN-0377,Roc Demo Tormo Miró,Empresa Demo Servicios,syn-0377@demo.hccontrol.local,Atención a cliente,Elena Demo Pujol,Comercial,Elena Demo Pujol,2019-04-23,Si,SID-0377,Base,Activo,Si,Estructural,Regular,,,,,2026-08,0,PLZ-0377,,Fotografía de cierre agosto 2026.,Dato sintético. Base autorizada.,RRHH,Completo,Si
SYN-0378,Salma Demo Ubach Pujol,Empresa Demo Servicios,syn-0378@demo.hccontrol.local,Desarrollo de negocio,Elena Demo Pujol,Comercial,Elena Demo Pujol,2020-07-01,Si,SID-0378,Base,Activo,Si,Estructural,Regular,,,,,2026-08,0,PLZ-0378,,Fotografía de cierre agosto 2026.,Dato sintético. Base autorizada.,RRHH,Completo,Si
SYN-0379,Toni Demo Vidal Tormo,Empresa Demo Servicios,syn-0379@demo.hccontrol.local,Gestión comercial,Elena Demo Pujol,Comercial,Elena Demo Pujol,2021-10-06,Si,SID-0379,Base,Activo,Si,Estructural,Regular,,,,,2026-08,0,PLZ-0379,,Fotografía de cierre agosto 2026.,Dato sintético. Base autorizada.,RRHH,Completo,Si
SYN-0380,Unai Demo Alba Alba,Empresa Demo Servicios,syn-0380@demo.hccontrol.local,Key account,Elena Demo Pujol,Comercial,Elena Demo Pujol,2022-01-11,Si,SID-0380,Base,Activo,Si,Estructural,Regular,,,,,2026-08,0,PLZ-0380,,Fotografía de cierre agosto 2026.,Dato sintético. Base autorizada.,RRHH,Completo,Si
SYN-0381,Vera Demo Bosch Duran,Empresa Demo Servicios,syn-0381@demo.hccontrol.local,Preventa,Elena Demo Pujol,Comercial,Elena Demo Pujol,2023-04-16,Si,SID-0381,Base,Activo,Si,Estructural,Regular,,,,,2026-08,0,PLZ-0381,,Fotografía de cierre agosto 2026.,Dato sintético. Base autorizada.,RRHH,Completo,Si
SYN-0382,Xenia Demo Casals Grau,Empresa Demo Servicios,syn-0382@demo.hccontrol.local,Atención a cliente,Elena Demo Pujol,Comercial,Elena Demo Pujol,2024-07-21,Si,SID-0382,Base,Activo,Si,Estructural,Regular,,,,,2026-08,0,PLZ-0382,,Fotografía de cierre agosto 2026.,Dato sintético. Base autorizada.,RRHH,Completo,Si
SYN-0383,Yago Demo Duran Jové,Empresa Demo Servicios,syn-0383@demo.hccontrol.local,Desarrollo de negocio,Elena Demo Pujol,Comercial,Elena Demo Pujol,2025-10-26,Si,SID-0383,Base,Activo,Si,Estructural,Regular,,,,,2026-08,0,PLZ-0383,,Fotografía de cierre agosto 2026.,Dato sintético. Base autorizada.,RRHH,Completo,Si
SYN-0384,Zoe Demo Espasa Nadal,Empresa Demo Servicios,syn-0384@demo.hccontrol.local,Gestión comercial,Elena Demo Pujol,Comercial,Elena Demo Pujol,2018-01-04,Si,SID-0384,Base,Activo,Si,Estructural,Regular,,,,,2026-08,0,PLZ-0384,,Fotografía de cierre agosto 2026.,Dato sintético. Base autorizada.,RRHH,Completo,Si
SYN-0385,Berta Demo Font Rius,Empresa Demo Servicios,syn-0385@demo.hccontrol.local,Key account,Elena Demo Pujol,Comercial,Elena Demo Pujol,2019-04-09,Si,SID-0385,Base,Activo,Si,Estructural,Regular,,,,,2026-08,0,PLZ-0385,,Fotografía de cierre agosto 2026.,Dato sintético. Base autorizada.,RRHH,Completo,Si
SYN-0386,Cesc Demo Grau Ubach,Empresa Demo Servicios,syn-0386@demo.hccontrol.local,Preventa,Elena Demo Pujol,Comercial,Elena Demo Pujol,2020-07-14,Si,SID-0386,Base,Activo,Si,Estructural,Regular,,,,,2026-08,0,PLZ-0386,,Fotografía de cierre agosto 2026.,Dato sintético. Base autorizada.,RRHH,Completo,Si
SYN-0387,Dídac Demo Homs Bosch,Empresa Demo Corporativa,syn-0387@demo.hccontrol.local,People partner,Irene Demo Casals,Recursos Humanos,Irene Demo Casals,2021-10-19,Si,SID-0387,Base,Activo,Si,Estructural,Regular,,,,,2026-08,0,PLZ-0387,,Fotografía de cierre agosto 2026.,Dato sintético. Base autorizada.,RRHH,Completo,Si
SYN-0388,Emma Demo Isern Espasa,Empresa Demo Corporativa,syn-0388@demo.hccontrol.local,Administración de personal,Irene Demo Casals,Recursos Humanos,Irene Demo Casals,2022-01-24,Si,SID-0388,Base,Activo,Si,Estructural,Regular,,,,,2026-08,0,PLZ-0388,,Fotografía de cierre agosto 2026.,Dato sintético. Base autorizada.,RRHH,Completo,Si
SYN-0389,Fran Demo Jové Homs,Empresa Demo Corporativa,syn-0389@demo.hccontrol.local,Selección,Irene Demo Casals,Recursos Humanos,Irene Demo Casals,2023-04-02,Si,SID-0389,Base,Activo,Si,Estructural,Regular,,,,,2026-08,0,PLZ-0389,,Fotografía de cierre agosto 2026.,Dato sintético. Base autorizada.,RRHH,Completo,Si
SYN-0390,Alex Demo Llobet Llobet,Empresa Demo Corporativa,syn-0390@demo.hccontrol.local,Desarrollo de talento,Irene Demo Casals,Recursos Humanos,Irene Demo Casals,2024-07-07,Si,SID-0390,Base,Activo,Si,Estructural,Regular,,,,,2026-08,0,PLZ-0390,,Fotografía de cierre agosto 2026.,Dato sintético. Base autorizada.,RRHH,Completo,Si
SYN-0391,Aina Demo Miró Olivé,Empresa Demo Corporativa,syn-0391@demo.hccontrol.local,People partner,Irene Demo Casals,Recursos Humanos,Irene Demo Casals,2025-10-12,Si,SID-0391,Base,Activo,Si,Estructural,Regular,,,,,2026-08,0,PLZ-0391,,Fotografía de cierre agosto 2026.,Dato sintético. Base autorizada.,RRHH,Completo,Si
SYN-0392,Bruno Demo Nadal Serra,Empresa Demo Corporativa,syn-0392@demo.hccontrol.local,Administración de personal,Irene Demo Casals,Recursos Humanos,Irene Demo Casals,2018-01-17,Si,SID-0392,Base,Activo,Si,Estructural,Regular,,,,,2026-08,0,PLZ-0392,,Fotografía de cierre agosto 2026.,Dato sintético. Base autorizada.,RRHH,Completo,Si
SYN-0393,Carla Demo Olivé Vidal,Empresa Demo Corporativa,syn-0393@demo.hccontrol.local,Selección,Irene Demo Casals,Recursos Humanos,Irene Demo Casals,2019-04-22,Si,SID-0393,Base,Activo,Si,Estructural,Regular,,,,,2026-08,0,PLZ-0393,,Fotografía de cierre agosto 2026.,Dato sintético. Base autorizada.,RRHH,Completo,Si
SYN-0394,Duna Demo Pujol Casals,Empresa Demo Corporativa,syn-0394@demo.hccontrol.local,Desarrollo de talento,Irene Demo Casals,Recursos Humanos,Irene Demo Casals,2020-07-27,Si,SID-0394,Base,Activo,Si,Estructural,Regular,,,,,2026-08,0,PLZ-0394,,Fotografía de cierre agosto 2026.,Dato sintético. Base autorizada.,RRHH,Completo,Si
SYN-0395,Enric Demo Rius Font,Empresa Demo Corporativa,syn-0395@demo.hccontrol.local,People partner,Irene Demo Casals,Recursos Humanos,Irene Demo Casals,2021-10-05,Si,SID-0395,Base,Activo,Si,Estructural,Regular,,,,,2026-08,0,PLZ-0395,,Fotografía de cierre agosto 2026.,Dato sintético. Base autorizada.,RRHH,Completo,Si
SYN-0396,Ferran Demo Serra Isern,Empresa Demo Corporativa,syn-0396@demo.hccontrol.local,Administración de personal,Irene Demo Casals,Recursos Humanos,Irene Demo Casals,2022-01-10,Si,SID-0396,Base,Activo,Si,Estructural,Regular,,,,,2026-08,0,PLZ-0396,,Fotografía de cierre agosto 2026.,Dato sintético. Base autorizada.,RRHH,Completo,Si
SYN-0397,Gala Demo Tormo Miró,Empresa Demo Corporativa,syn-0397@demo.hccontrol.local,Selección,Irene Demo Casals,Recursos Humanos,Irene Demo Casals,2023-04-15,Si,SID-0397,Base,Activo,Si,Estructural,Regular,,,,,2026-08,0,PLZ-0397,,Fotografía de cierre agosto 2026.,Dato sintético. Base autorizada.,RRHH,Completo,Si
SYN-0398,Helena Demo Ubach Pujol,Empresa Demo Corporativa,syn-0398@demo.hccontrol.local,Desarrollo de talento,Irene Demo Casals,Recursos Humanos,Irene Demo Casals,2024-07-20,Si,SID-0398,Base,Activo,Si,Estructural,Regular,,,,,2026-08,0,PLZ-0398,,Fotografía de cierre agosto 2026.,Dato sintético. Base autorizada.,RRHH,Completo,Si
SYN-0399,Iria Demo Vidal Tormo,Empresa Demo Corporativa,syn-0399@demo.hccontrol.local,People partner,Irene Demo Casals,Recursos Humanos,Irene Demo Casals,2025-10-25,Si,SID-0399,Base,Activo,Si,Estructural,Regular,,,,,2026-08,0,PLZ-0399,,Fotografía de cierre agosto 2026.,Dato sintético. Base autorizada.,RRHH,Completo,Si
SYN-0400,Joel Demo Alba Alba,Empresa Demo Corporativa,syn-0400@demo.hccontrol.local,Administración de personal,Irene Demo Casals,Recursos Humanos,Irene Demo Casals,2018-01-03,Si,SID-0400,Base,Activo,Si,Estructural,Regular,,,,,2026-08,0,PLZ-0400,,Fotografía de cierre agosto 2026.,Dato sintético. Base autorizada.,RRHH,Completo,Si
SYN-0401,Laia Demo Bosch Duran,Empresa Demo Corporativa,syn-0401@demo.hccontrol.local,Selección,Irene Demo Casals,Recursos Humanos,Irene Demo Casals,2019-04-08,Si,SID-0401,Base,Activo,Si,Estructural,Regular,,,,,2026-08,0,PLZ-0401,,Fotografía de cierre agosto 2026.,Dato sintético. Base autorizada.,RRHH,Completo,Si
SYN-0402,Marc Demo Casals Grau,Empresa Demo Corporativa,syn-0402@demo.hccontrol.local,Desarrollo de talento,Irene Demo Casals,Recursos Humanos,Irene Demo Casals,2020-07-13,Si,SID-0402,Base,Activo,Si,Estructural,Regular,,,,,2026-08,0,PLZ-0402,,Fotografía de cierre agosto 2026.,Dato sintético. Base autorizada.,RRHH,Completo,Si
SYN-0403,Noa Demo Duran Jové,Empresa Demo Corporativa,syn-0403@demo.hccontrol.local,People partner,Irene Demo Casals,Recursos Humanos,Irene Demo Casals,2021-10-18,Si,SID-0403,Base,Activo,Si,Estructural,Regular,,,,,2026-08,0,PLZ-0403,,Fotografía de cierre agosto 2026.,Dato sintético. Base autorizada.,RRHH,Completo,Si
SYN-0404,Ona Demo Espasa Nadal,Empresa Demo Corporativa,syn-0404@demo.hccontrol.local,Administración de personal,Irene Demo Casals,Recursos Humanos,Irene Demo Casals,2022-01-23,Si,SID-0404,Base,Activo,Si,Estructural,Regular,,,,,2026-08,0,PLZ-0404,,Fotografía de cierre agosto 2026.,Dato sintético. Base autorizada.,RRHH,Completo,Si
SYN-0405,Pau Demo Font Rius,Empresa Demo Corporativa,syn-0405@demo.hccontrol.local,Selección,Irene Demo Casals,Recursos Humanos,Irene Demo Casals,2023-04-01,Si,SID-0405,Base,Activo,Si,Estructural,Regular,,,,,2026-08,0,PLZ-0405,,Fotografía de cierre agosto 2026.,Dato sintético. Base autorizada.,RRHH,Completo,Si
SYN-0406,Queralt Demo Grau Ubach,Empresa Demo Corporativa,syn-0406@demo.hccontrol.local,Desarrollo de talento,Irene Demo Casals,Recursos Humanos,Irene Demo Casals,2024-07-06,Si,SID-0406,Base,Activo,Si,Estructural,Regular,,,,,2026-08,0,PLZ-0406,,Fotografía de cierre agosto 2026.,Dato sintético. Base autorizada.,RRHH,Completo,Si
SYN-0407,Roc Demo Homs Bosch,Empresa Demo Corporativa,syn-0407@demo.hccontrol.local,People partner,Irene Demo Casals,Recursos Humanos,Irene Demo Casals,2025-10-11,Si,SID-0407,Base,Activo,Si,Estructural,Regular,,,,,2026-08,0,PLZ-0407,,Fotografía de cierre agosto 2026.,Dato sintético. Base autorizada.,RRHH,Completo,Si
SYN-0408,Salma Demo Isern Espasa,Empresa Demo Corporativa,syn-0408@demo.hccontrol.local,Administración de personal,Irene Demo Casals,Recursos Humanos,Irene Demo Casals,2018-01-16,Si,SID-0408,Base,Activo,Si,Estructural,Regular,,,,,2026-08,0,PLZ-0408,,Fotografía de cierre agosto 2026.,Dato sintético. Base autorizada.,RRHH,Completo,Si
SYN-0409,Toni Demo Jové Homs,Empresa Demo Corporativa,syn-0409@demo.hccontrol.local,Selección,Irene Demo Casals,Recursos Humanos,Irene Demo Casals,2019-04-21,Si,SID-0409,Base,Activo,Si,Estructural,Regular,,,,,2026-08,0,PLZ-0409,,Fotografía de cierre agosto 2026.,Dato sintético. Base autorizada.,RRHH,Completo,Si
SYN-0410,Unai Demo Llobet Llobet,Empresa Demo Corporativa,syn-0410@demo.hccontrol.local,Desarrollo de talento,Irene Demo Casals,Recursos Humanos,Irene Demo Casals,2020-07-26,Si,SID-0410,Base,Activo,Si,Estructural,Regular,,,,,2026-08,0,PLZ-0410,,Fotografía de cierre agosto 2026.,Dato sintético. Base autorizada.,RRHH,Completo,Si
SYN-0411,Vera Demo Miró Olivé,Empresa Demo Corporativa,syn-0411@demo.hccontrol.local,Técnico/a de RRLL,Joan Demo Vidal,Relaciones Laborales,Joan Demo Vidal,2021-10-04,Si,SID-0411,Base,Activo,Si,Estructural,Regular,,,,,2026-08,0,PLZ-0411,,Fotografía de cierre agosto 2026.,Dato sintético. Base autorizada.,RRHH,Completo,Si
SYN-0412,Xenia Demo Nadal Serra,Empresa Demo Corporativa,syn-0412@demo.hccontrol.local,Compensación,Joan Demo Vidal,Relaciones Laborales,Joan Demo Vidal,2022-01-09,Si,SID-0412,Base,Activo,Si,Estructural,Regular,,,,,2026-08,0,PLZ-0412,,Fotografía de cierre agosto 2026.,Dato sintético. Base autorizada.,RRHH,Completo,Si
SYN-0413,Yago Demo Olivé Vidal,Empresa Demo Corporativa,syn-0413@demo.hccontrol.local,Prevención,Joan Demo Vidal,Relaciones Laborales,Joan Demo Vidal,2023-04-14,Si,SID-0413,Base,Activo,Si,Estructural,Regular,,,,,2026-08,0,PLZ-0413,,Fotografía de cierre agosto 2026.,Dato sintético. Base autorizada.,RRHH,Completo,Si
SYN-0414,Zoe Demo Pujol Casals,Empresa Demo Corporativa,syn-0414@demo.hccontrol.local,Relaciones sindicales,Joan Demo Vidal,Relaciones Laborales,Joan Demo Vidal,2024-07-19,Si,SID-0414,Base,Activo,Si,Estructural,Regular,,,,,2026-08,0,PLZ-0414,,Fotografía de cierre agosto 2026.,Dato sintético. Base autorizada.,RRHH,Completo,Si
SYN-0415,Berta Demo Rius Font,Empresa Demo Corporativa,syn-0415@demo.hccontrol.local,Técnico/a de RRLL,Joan Demo Vidal,Relaciones Laborales,Joan Demo Vidal,2025-10-24,Si,SID-0415,Base,Activo,Si,Estructural,Regular,,,,,2026-08,0,PLZ-0415,,Fotografía de cierre agosto 2026.,Dato sintético. Base autorizada.,RRHH,Completo,Si
SYN-0416,Cesc Demo Serra Isern,Empresa Demo Corporativa,syn-0416@demo.hccontrol.local,Compensación,Joan Demo Vidal,Relaciones Laborales,Joan Demo Vidal,2018-01-02,Si,SID-0416,Base,Activo,Si,Estructural,Regular,,,,,2026-08,0,PLZ-0416,,Fotografía de cierre agosto 2026.,Dato sintético. Base autorizada.,RRHH,Completo,Si
SYN-0417,Dídac Demo Tormo Miró,Empresa Demo Corporativa,syn-0417@demo.hccontrol.local,Prevención,Joan Demo Vidal,Relaciones Laborales,Joan Demo Vidal,2019-04-07,Si,SID-0417,Base,Activo,Si,Estructural,Regular,,,,,2026-08,0,PLZ-0417,,Fotografía de cierre agosto 2026.,Dato sintético. Base autorizada.,RRHH,Completo,Si
SYN-0418,Emma Demo Ubach Pujol,Empresa Demo Corporativa,syn-0418@demo.hccontrol.local,Relaciones sindicales,Joan Demo Vidal,Relaciones Laborales,Joan Demo Vidal,2020-07-12,Si,SID-0418,Base,Activo,Si,Estructural,Regular,,,,,2026-08,0,PLZ-0418,,Fotografía de cierre agosto 2026.,Dato sintético. Base autorizada.,RRHH,Completo,Si
SYN-0419,Fran Demo Vidal Tormo,Empresa Demo Corporativa,syn-0419@demo.hccontrol.local,Técnico/a de RRLL,Joan Demo Vidal,Relaciones Laborales,Joan Demo Vidal,2021-10-17,Si,SID-0419,Base,Activo,Si,Estructural,Regular,,,,,2026-08,0,PLZ-0419,,Fotografía de cierre agosto 2026.,Dato sintético. Base autorizada.,RRHH,Completo,Si
SYN-0420,Alex Demo Alba Alba,Empresa Demo Corporativa,syn-0420@demo.hccontrol.local,Compensación,Joan Demo Vidal,Relaciones Laborales,Joan Demo Vidal,2022-01-22,Si,SID-0420,Base,Activo,Si,Estructural,Regular,,,,,2026-08,0,PLZ-0420,,Fotografía de cierre agosto 2026.,Dato sintético. Base autorizada.,RRHH,Completo,Si
SYN-0421,Aina Demo Bosch Duran,Empresa Demo Corporativa,syn-0421@demo.hccontrol.local,Prevención,Joan Demo Vidal,Relaciones Laborales,Joan Demo Vidal,2023-04-27,Si,SID-0421,Base,Activo,Si,Estructural,Regular,,,,,2026-08,0,PLZ-0421,,Fotografía de cierre agosto 2026.,Dato sintético. Base autorizada.,RRHH,Completo,Si
SYN-0422,Bruno Demo Casals Grau,Empresa Demo Corporativa,syn-0422@demo.hccontrol.local,Relaciones sindicales,Joan Demo Vidal,Relaciones Laborales,Joan Demo Vidal,2024-07-05,Si,SID-0422,Base,Activo,Si,Estructural,Regular,,,,,2026-08,0,PLZ-0422,,Fotografía de cierre agosto 2026.,Dato sintético. Base autorizada.,RRHH,Completo,Si
SYN-0423,Carla Demo Duran Jové,Empresa Demo Corporativa,syn-0423@demo.hccontrol.local,Técnico/a de RRLL,Joan Demo Vidal,Relaciones Laborales,Joan Demo Vidal,2025-10-10,Si,SID-0423,Base,Activo,Si,Estructural,Regular,,,,,2026-08,0,PLZ-0423,,Fotografía de cierre agosto 2026.,Dato sintético. Base autorizada.,RRHH,Completo,Si
SYN-0424,Duna Demo Espasa Nadal,Empresa Demo Corporativa,syn-0424@demo.hccontrol.local,Compensación,Joan Demo Vidal,Relaciones Laborales,Joan Demo Vidal,2018-01-15,Si,SID-0424,Base,Activo,Si,Estructural,Regular,,,,,2026-08,0,PLZ-0424,,Fotografía de cierre agosto 2026.,Dato sintético. Base autorizada.,RRHH,Completo,Si
SYN-0425,Enric Demo Font Rius,Empresa Demo Corporativa,syn-0425@demo.hccontrol.local,Prevención,Joan Demo Vidal,Relaciones Laborales,Joan Demo Vidal,2019-04-20,Si,SID-0425,Base,Activo,Si,Estructural,Regular,,,,,2026-08,0,PLZ-0425,,Fotografía de cierre agosto 2026.,Dato sintético. Base autorizada.,RRHH,Completo,Si
SYN-0426,Ferran Demo Grau Ubach,Empresa Demo Corporativa,syn-0426@demo.hccontrol.local,Relaciones sindicales,Joan Demo Vidal,Relaciones Laborales,Joan Demo Vidal,2020-07-25,Si,SID-0426,Base,Activo,Si,Estructural,Regular,,,,,2026-08,0,PLZ-0426,,Fotografía de cierre agosto 2026.,Dato sintético. Base autorizada.,RRHH,Completo,Si
SYN-0427,Gala Demo Homs Bosch,Empresa Demo Corporativa,syn-0427@demo.hccontrol.local,Técnico/a de RRLL,Joan Demo Vidal,Relaciones Laborales,Joan Demo Vidal,2021-10-03,Si,SID-0427,Base,Activo,Si,Estructural,Regular,,,,,2026-08,0,PLZ-0427,,Fotografía de cierre agosto 2026.,Dato sintético. Base autorizada.,RRHH,Completo,Si
SYN-0428,Helena Demo Isern Espasa,Empresa Demo Corporativa,syn-0428@demo.hccontrol.local,Compensación,Joan Demo Vidal,Relaciones Laborales,Joan Demo Vidal,2022-01-08,Si,SID-0428,Base,Activo,Si,Estructural,Regular,,,,,2026-08,0,PLZ-0428,,Fotografía de cierre agosto 2026.,Dato sintético. Base autorizada.,RRHH,Completo,Si
SYN-0429,Iria Demo Jové Homs,Empresa Demo Corporativa,syn-0429@demo.hccontrol.local,Asesoría jurídica,Clara Demo Bosch,Legal y Cumplimiento,Clara Demo Bosch,2023-04-13,Si,SID-0429,Base,Activo,Si,Estructural,Regular,,,,,2026-08,0,PLZ-0429,,Fotografía de cierre agosto 2026.,Dato sintético. Base autorizada.,RRHH,Completo,Si
SYN-0430,Joel Demo Llobet Llobet,Empresa Demo Corporativa,syn-0430@demo.hccontrol.local,Cumplimiento,Clara Demo Bosch,Legal y Cumplimiento,Clara Demo Bosch,2024-07-18,Si,SID-0430,Base,Activo,Si,Estructural,Regular,,,,,2026-08,0,PLZ-0430,,Fotografía de cierre agosto 2026.,Dato sintético. Base autorizada.,RRHH,Completo,Si
SYN-0431,Laia Demo Miró Olivé,Empresa Demo Corporativa,syn-0431@demo.hccontrol.local,Protección de datos,Clara Demo Bosch,Legal y Cumplimiento,Clara Demo Bosch,2025-10-23,Si,SID-0431,Base,Activo,Si,Estructural,Regular,,,,,2026-08,0,PLZ-0431,,Fotografía de cierre agosto 2026.,Dato sintético. Base autorizada.,RRHH,Completo,Si
SYN-0432,Marc Demo Nadal Serra,Empresa Demo Corporativa,syn-0432@demo.hccontrol.local,Contratación,Clara Demo Bosch,Legal y Cumplimiento,Clara Demo Bosch,2018-01-01,Si,SID-0432,Base,Activo,Si,Estructural,Regular,,,,,2026-08,0,PLZ-0432,,Fotografía de cierre agosto 2026.,Dato sintético. Base autorizada.,RRHH,Completo,Si
SYN-0433,Noa Demo Olivé Vidal,Empresa Demo Corporativa,syn-0433@demo.hccontrol.local,Asesoría jurídica,Clara Demo Bosch,Legal y Cumplimiento,Clara Demo Bosch,2019-04-06,Si,SID-0433,Base,Activo,Si,Estructural,Regular,,,,,2026-08,0,PLZ-0433,,Fotografía de cierre agosto 2026.,Dato sintético. Base autorizada.,RRHH,Completo,Si
SYN-0434,Ona Demo Pujol Casals,Empresa Demo Corporativa,syn-0434@demo.hccontrol.local,Cumplimiento,Clara Demo Bosch,Legal y Cumplimiento,Clara Demo Bosch,2020-07-11,Si,SID-0434,Base,Activo,Si,Estructural,Regular,,,,,2026-08,0,PLZ-0434,,Fotografía de cierre agosto 2026.,Dato sintético. Base autorizada.,RRHH,Completo,Si
SYN-0435,Pau Demo Rius Font,Empresa Demo Corporativa,syn-0435@demo.hccontrol.local,Protección de datos,Clara Demo Bosch,Legal y Cumplimiento,Clara Demo Bosch,2021-10-16,Si,SID-0435,Base,Activo,Si,Estructural,Regular,,,,,2026-08,0,PLZ-0435,,Fotografía de cierre agosto 2026.,Dato sintético. Base autorizada.,RRHH,Completo,Si
SYN-0436,Queralt Demo Serra Isern,Empresa Demo Corporativa,syn-0436@demo.hccontrol.local,Contratación,Clara Demo Bosch,Legal y Cumplimiento,Clara Demo Bosch,2022-01-21,Si,SID-0436,Base,Activo,Si,Estructural,Regular,,,,,2026-08,0,PLZ-0436,,Fotografía de cierre agosto 2026.,Dato sintético. Base autorizada.,RRHH,Completo,Si
SYN-0437,Roc Demo Tormo Miró,Empresa Demo Corporativa,syn-0437@demo.hccontrol.local,Asesoría jurídica,Clara Demo Bosch,Legal y Cumplimiento,Clara Demo Bosch,2023-04-26,Si,SID-0437,Base,Activo,Si,Estructural,Regular,,,,,2026-08,0,PLZ-0437,,Fotografía de cierre agosto 2026.,Dato sintético. Base autorizada.,RRHH,Completo,Si
SYN-0438,Salma Demo Ubach Pujol,Empresa Demo Corporativa,syn-0438@demo.hccontrol.local,Cumplimiento,Clara Demo Bosch,Legal y Cumplimiento,Clara Demo Bosch,2024-07-04,Si,SID-0438,Base,Activo,Si,Estructural,Regular,,,,,2026-08,0,PLZ-0438,,Fotografía de cierre agosto 2026.,Dato sintético. Base autorizada.,RRHH,Completo,Si
SYN-0439,Toni Demo Vidal Tormo,Empresa Demo Corporativa,syn-0439@demo.hccontrol.local,Protección de datos,Clara Demo Bosch,Legal y Cumplimiento,Clara Demo Bosch,2025-10-09,Si,SID-0439,Base,Activo,Si,Estructural,Regular,,,,,2026-08,0,PLZ-0439,,Fotografía de cierre agosto 2026.,Dato sintético. Base autorizada.,RRHH,Completo,Si
SYN-0440,Unai Demo Alba Alba,Empresa Demo Corporativa,syn-0440@demo.hccontrol.local,Contratación,Clara Demo Bosch,Legal y Cumplimiento,Clara Demo Bosch,2018-01-14,Si,SID-0440,Base,Activo,Si,Estructural,Regular,,,,,2026-08,0,PLZ-0440,,Fotografía de cierre agosto 2026.,Dato sintético. Base autorizada.,RRHH,Completo,Si
SYN-0441,Vera Demo Bosch Duran,Empresa Demo Corporativa,syn-0441@demo.hccontrol.local,Asesoría jurídica,Clara Demo Bosch,Legal y Cumplimiento,Clara Demo Bosch,2019-04-19,Si,SID-0441,Base,Activo,Si,Estructural,Regular,,,,,2026-08,0,PLZ-0441,,Fotografía de cierre agosto 2026.,Dato sintético. Base autorizada.,RRHH,Completo,Si
SYN-0442,Xenia Demo Casals Grau,Empresa Demo Corporativa,syn-0442@demo.hccontrol.local,Cumplimiento,Clara Demo Bosch,Legal y Cumplimiento,Clara Demo Bosch,2020-07-24,Si,SID-0442,Base,Activo,Si,Estructural,Regular,,,,,2026-08,0,PLZ-0442,,Fotografía de cierre agosto 2026.,Dato sintético. Base autorizada.,RRHH,Completo,Si
SYN-0443,Yago Demo Duran Jové,Empresa Demo Corporativa,syn-0443@demo.hccontrol.local,Protección de datos,Clara Demo Bosch,Legal y Cumplimiento,Clara Demo Bosch,2021-10-02,Si,SID-0443,Base,Activo,Si,Estructural,Regular,,,,,2026-08,0,PLZ-0443,,Fotografía de cierre agosto 2026.,Dato sintético. Base autorizada.,RRHH,Completo,Si
SYN-0444,Zoe Demo Espasa Nadal,Empresa Demo Corporativa,syn-0444@demo.hccontrol.local,Contratación,Clara Demo Bosch,Legal y Cumplimiento,Clara Demo Bosch,2022-01-07,Si,SID-0444,Base,Activo,Si,Estructural,Regular,,,,,2026-08,0,PLZ-0444,,Fotografía de cierre agosto 2026.,Dato sintético. Base autorizada.,RRHH,Completo,Si
SYN-0445,Berta Demo Font Rius,Empresa Demo Servicios,syn-0445@demo.hccontrol.local,Técnico/a de calidad,Paula Demo Rovira,Calidad,Paula Demo Rovira,2023-04-12,Si,SID-0445,Base,Activo,Si,Estructural,Regular,,,,,2026-08,0,PLZ-0445,,Fotografía de cierre agosto 2026.,Dato sintético. Base autorizada.,RRHH,Completo,Si
SYN-0446,Cesc Demo Grau Ubach,Empresa Demo Servicios,syn-0446@demo.hccontrol.local,Auditoría interna,Paula Demo Rovira,Calidad,Paula Demo Rovira,2024-07-17,Si,SID-0446,Base,Activo,Si,Estructural,Regular,,,,,2026-08,0,PLZ-0446,,Fotografía de cierre agosto 2026.,Dato sintético. Base autorizada.,RRHH,Completo,Si
SYN-0447,Dídac Demo Homs Bosch,Empresa Demo Servicios,syn-0447@demo.hccontrol.local,Sistemas de gestión,Paula Demo Rovira,Calidad,Paula Demo Rovira,2025-10-22,Si,SID-0447,Base,Activo,Si,Estructural,Regular,,,,,2026-08,0,PLZ-0447,,Fotografía de cierre agosto 2026.,Dato sintético. Base autorizada.,RRHH,Completo,Si
SYN-0448,Emma Demo Isern Espasa,Empresa Demo Servicios,syn-0448@demo.hccontrol.local,Mejora continua,Paula Demo Rovira,Calidad,Paula Demo Rovira,2018-01-27,Si,SID-0448,Base,Activo,Si,Estructural,Regular,,,,,2026-08,0,PLZ-0448,,Fotografía de cierre agosto 2026.,Dato sintético. Base autorizada.,RRHH,Completo,Si
SYN-0449,Fran Demo Jové Homs,Empresa Demo Servicios,syn-0449@demo.hccontrol.local,Técnico/a de calidad,Paula Demo Rovira,Calidad,Paula Demo Rovira,2019-04-05,Si,SID-0449,Base,Activo,Si,Estructural,Regular,,,,,2026-08,0,PLZ-0449,,Fotografía de cierre agosto 2026.,Dato sintético. Base autorizada.,RRHH,Completo,Si
SYN-0450,Alex Demo Llobet Llobet,Empresa Demo Servicios,syn-0450@demo.hccontrol.local,Auditoría interna,Paula Demo Rovira,Calidad,Paula Demo Rovira,2020-07-10,Si,SID-0450,Base,Activo,Si,Estructural,Regular,,,,,2026-08,0,PLZ-0450,,Fotografía de cierre agosto 2026.,Dato sintético. Base autorizada.,RRHH,Completo,Si
SYN-0451,Aina Demo Miró Olivé,Empresa Demo Servicios,syn-0451@demo.hccontrol.local,Sistemas de gestión,Paula Demo Rovira,Calidad,Paula Demo Rovira,2021-10-15,Si,SID-0451,Base,Activo,Si,Estructural,Regular,,,,,2026-08,0,PLZ-0451,,Fotografía de cierre agosto 2026.,Dato sintético. Base autorizada.,RRHH,Completo,Si
SYN-0452,Bruno Demo Nadal Serra,Empresa Demo Servicios,syn-0452@demo.hccontrol.local,Mejora continua,Paula Demo Rovira,Calidad,Paula Demo Rovira,2022-01-20,Si,SID-0452,Base,Activo,Si,Estructural,Regular,,,,,2026-08,0,PLZ-0452,,Fotografía de cierre agosto 2026.,Dato sintético. Base autorizada.,RRHH,Completo,Si
SYN-0453,Carla Demo Olivé Vidal,Empresa Demo Servicios,syn-0453@demo.hccontrol.local,Técnico/a de calidad,Paula Demo Rovira,Calidad,Paula Demo Rovira,2023-04-25,Si,SID-0453,Base,Activo,Si,Estructural,Regular,,,,,2026-08,0,PLZ-0453,,Fotografía de cierre agosto 2026.,Dato sintético. Base autorizada.,RRHH,Completo,Si
SYN-0454,Duna Demo Pujol Casals,Empresa Demo Servicios,syn-0454@demo.hccontrol.local,Auditoría interna,Paula Demo Rovira,Calidad,Paula Demo Rovira,2024-07-03,Si,SID-0454,Base,Activo,Si,Estructural,Regular,,,,,2026-08,0,PLZ-0454,,Fotografía de cierre agosto 2026.,Dato sintético. Base autorizada.,RRHH,Completo,Si
SYN-0455,Enric Demo Rius Font,Empresa Demo Servicios,syn-0455@demo.hccontrol.local,Sistemas de gestión,Paula Demo Rovira,Calidad,Paula Demo Rovira,2025-10-08,Si,SID-0455,Base,Activo,Si,Estructural,Regular,,,,,2026-08,0,PLZ-0455,,Fotografía de cierre agosto 2026.,Dato sintético. Base autorizada.,RRHH,Completo,Si
SYN-0456,Ferran Demo Serra Isern,Empresa Demo Servicios,syn-0456@demo.hccontrol.local,Mejora continua,Paula Demo Rovira,Calidad,Paula Demo Rovira,2018-01-13,Si,SID-0456,Base,Activo,Si,Estructural,Regular,,,,,2026-08,0,PLZ-0456,,Fotografía de cierre agosto 2026.,Dato sintético. Base autorizada.,RRHH,Completo,Si
SYN-0457,Gala Demo Tormo Miró,Empresa Demo Servicios,syn-0457@demo.hccontrol.local,Técnico/a de calidad,Paula Demo Rovira,Calidad,Paula Demo Rovira,2019-04-18,Si,SID-0457,Base,Activo,Si,Estructural,Regular,,,,,2026-08,0,PLZ-0457,,Fotografía de cierre agosto 2026.,Dato sintético. Base autorizada.,RRHH,Completo,Si
SYN-0458,Helena Demo Ubach Pujol,Empresa Demo Servicios,syn-0458@demo.hccontrol.local,Auditoría interna,Paula Demo Rovira,Calidad,Paula Demo Rovira,2020-07-23,Si,SID-0458,Base,Activo,Si,Estructural,Regular,,,,,2026-08,0,PLZ-0458,,Fotografía de cierre agosto 2026.,Dato sintético. Base autorizada.,RRHH,Completo,Si
SYN-0459,Iria Demo Vidal Tormo,Empresa Demo Servicios,syn-0459@demo.hccontrol.local,Sistemas de gestión,Paula Demo Rovira,Calidad,Paula Demo Rovira,2021-10-01,Si,SID-0459,Base,Activo,Si,Estructural,Regular,,,,,2026-08,0,PLZ-0459,,Fotografía de cierre agosto 2026.,Dato sintético. Base autorizada.,RRHH,Completo,Si
SYN-0460,Joel Demo Alba Alba,Empresa Demo Servicios,syn-0460@demo.hccontrol.local,Mejora continua,Paula Demo Rovira,Calidad,Paula Demo Rovira,2022-01-06,Si,SID-0460,Base,Activo,Si,Estructural,Regular,,,,,2026-08,0,PLZ-0460,,Fotografía de cierre agosto 2026.,Dato sintético. Base autorizada.,RRHH,Completo,Si
SYN-0461,Laia Demo Bosch Duran,Empresa Demo Servicios,syn-0461@demo.hccontrol.local,Técnico/a de calidad,Paula Demo Rovira,Calidad,Paula Demo Rovira,2023-04-11,Si,SID-0461,Base,Activo,Si,Estructural,Regular,,,,,2026-08,0,PLZ-0461,,Fotografía de cierre agosto 2026.,Dato sintético. Base autorizada.,RRHH,Completo,Si
SYN-0462,Marc Demo Casals Grau,Empresa Demo Servicios,syn-0462@demo.hccontrol.local,Auditoría interna,Paula Demo Rovira,Calidad,Paula Demo Rovira,2024-07-16,Si,SID-0462,Base,Activo,Si,Estructural,Regular,,,,,2026-08,0,PLZ-0462,,Fotografía de cierre agosto 2026.,Dato sintético. Base autorizada.,RRHH,Completo,Si
SYN-0463,Noa Demo Duran Jové,Empresa Demo Servicios,syn-0463@demo.hccontrol.local,Sistemas de gestión,Paula Demo Rovira,Calidad,Paula Demo Rovira,2025-10-21,Si,SID-0463,Base,Activo,Si,Estructural,Regular,,,,,2026-08,0,PLZ-0463,,Fotografía de cierre agosto 2026.,Dato sintético. Base autorizada.,RRHH,Completo,Si
SYN-0464,Ona Demo Espasa Nadal,Empresa Demo Servicios,syn-0464@demo.hccontrol.local,Mejora continua,Paula Demo Rovira,Calidad,Paula Demo Rovira,2018-01-26,Si,SID-0464,Base,Activo,Si,Estructural,Regular,,,,,2026-08,0,PLZ-0464,,Fotografía de cierre agosto 2026.,Dato sintético. Base autorizada.,RRHH,Completo,Si
SYN-0465,Pau Demo Font Rius,Empresa Demo Servicios,syn-0465@demo.hccontrol.local,Técnico/a de calidad,Paula Demo Rovira,Calidad,Paula Demo Rovira,2019-04-04,Si,SID-0465,Base,Activo,Si,Estructural,Regular,,,,,2026-08,0,PLZ-0465,,Fotografía de cierre agosto 2026.,Dato sintético. Base autorizada.,RRHH,Completo,Si
SYN-0466,Queralt Demo Grau Ubach,Empresa Demo Servicios,syn-0466@demo.hccontrol.local,Auditoría interna,Paula Demo Rovira,Calidad,Paula Demo Rovira,2020-07-09,Si,SID-0466,Base,Activo,Si,Estructural,Regular,,,,,2026-08,0,PLZ-0466,,Fotografía de cierre agosto 2026.,Dato sintético. Base autorizada.,RRHH,Completo,Si
SYN-0467,Roc Demo Homs Bosch,Empresa Demo Corporativa,syn-0467@demo.hccontrol.local,Jefatura de proyecto,Oriol Demo Font,Proyectos,Oriol Demo Font,2021-10-14,Si,SID-0467,Base,Activo,Si,Estructural,Regular,,,,,2026-08,0,PLZ-0467,,Fotografía de cierre agosto 2026.,Dato sintético. Base autorizada.,RRHH,Completo,Si
SYN-0468,Salma Demo Isern Espasa,Empresa Demo Corporativa,syn-0468@demo.hccontrol.local,PMO,Oriol Demo Font,Proyectos,Oriol Demo Font,2022-01-19,Si,SID-0468,Base,Activo,Si,Estructural,Regular,,,,,2026-08,0,PLZ-0468,,Fotografía de cierre agosto 2026.,Dato sintético. Base autorizada.,RRHH,Completo,Si
SYN-0469,Toni Demo Jové Homs,Empresa Demo Corporativa,syn-0469@demo.hccontrol.local,Analista de proyectos,Oriol Demo Font,Proyectos,Oriol Demo Font,2023-04-24,Si,SID-0469,Base,Activo,Si,Estructural,Regular,,,,,2026-08,0,PLZ-0469,,Fotografía de cierre agosto 2026.,Dato sintético. Base autorizada.,RRHH,Completo,Si
SYN-0470,Unai Demo Llobet Llobet,Empresa Demo Corporativa,syn-0470@demo.hccontrol.local,Oficina de transformación,Oriol Demo Font,Proyectos,Oriol Demo Font,2024-07-02,Si,SID-0470,Base,Activo,Si,Estructural,Regular,,,,,2026-08,0,PLZ-0470,,Fotografía de cierre agosto 2026.,Dato sintético. Base autorizada.,RRHH,Completo,Si
SYN-0471,Vera Demo Miró Olivé,Empresa Demo Corporativa,syn-0471@demo.hccontrol.local,Jefatura de proyecto,Oriol Demo Font,Proyectos,Oriol Demo Font,2025-10-07,Si,SID-0471,Base,Activo,Si,Estructural,Regular,,,,,2026-08,0,PLZ-0471,,Fotografía de cierre agosto 2026.,Dato sintético. Base autorizada.,RRHH,Completo,Si
SYN-0472,Xenia Demo Nadal Serra,Empresa Demo Corporativa,syn-0472@demo.hccontrol.local,PMO,Oriol Demo Font,Proyectos,Oriol Demo Font,2018-01-12,Si,SID-0472,Base,Activo,Si,Estructural,Regular,,,,,2026-08,0,PLZ-0472,,Fotografía de cierre agosto 2026.,Dato sintético. Base autorizada.,RRHH,Completo,Si
SYN-0473,Yago Demo Olivé Vidal,Empresa Demo Corporativa,syn-0473@demo.hccontrol.local,Analista de proyectos,Oriol Demo Font,Proyectos,Oriol Demo Font,2019-04-17,Si,SID-0473,Base,Activo,Si,Estructural,Regular,,,,,2026-08,0,PLZ-0473,,Fotografía de cierre agosto 2026.,Dato sintético. Base autorizada.,RRHH,Completo,Si
SYN-0474,Zoe Demo Pujol Casals,Empresa Demo Corporativa,syn-0474@demo.hccontrol.local,Oficina de transformación,Oriol Demo Font,Proyectos,Oriol Demo Font,2020-07-22,Si,SID-0474,Base,Activo,Si,Estructural,Regular,,,,,2026-08,0,PLZ-0474,,Fotografía de cierre agosto 2026.,Dato sintético. Base autorizada.,RRHH,Completo,Si
SYN-0475,Berta Demo Rius Font,Empresa Demo Corporativa,syn-0475@demo.hccontrol.local,Jefatura de proyecto,Oriol Demo Font,Proyectos,Oriol Demo Font,2021-10-27,Si,SID-0475,Base,Activo,Si,Estructural,Regular,,,,,2026-08,0,PLZ-0475,,Fotografía de cierre agosto 2026.,Dato sintético. Base autorizada.,RRHH,Completo,Si
SYN-0476,Cesc Demo Serra Isern,Empresa Demo Corporativa,syn-0476@demo.hccontrol.local,PMO,Oriol Demo Font,Proyectos,Oriol Demo Font,2022-01-05,Si,SID-0476,Base,Activo,Si,Estructural,Regular,,,,,2026-08,0,PLZ-0476,,Fotografía de cierre agosto 2026.,Dato sintético. Base autorizada.,RRHH,Completo,Si
SYN-0477,Dídac Demo Tormo Miró,Empresa Demo Corporativa,syn-0477@demo.hccontrol.local,Analista de proyectos,Oriol Demo Font,Proyectos,Oriol Demo Font,2023-04-10,Si,SID-0477,Base,Activo,Si,Estructural,Regular,,,,,2026-08,0,PLZ-0477,,Fotografía de cierre agosto 2026.,Dato sintético. Base autorizada.,RRHH,Completo,Si
SYN-0478,Emma Demo Ubach Pujol,Empresa Demo Corporativa,syn-0478@demo.hccontrol.local,Oficina de transformación,Oriol Demo Font,Proyectos,Oriol Demo Font,2024-07-15,Si,SID-0478,Base,Activo,Si,Estructural,Regular,,,,,2026-08,0,PLZ-0478,,Fotografía de cierre agosto 2026.,Dato sintético. Base autorizada.,RRHH,Completo,Si
SYN-0479,Fran Demo Vidal Tormo,Empresa Demo Corporativa,syn-0479@demo.hccontrol.local,Jefatura de proyecto,Oriol Demo Font,Proyectos,Oriol Demo Font,2025-10-20,Si,SID-0479,Base,Activo,Si,Estructural,Regular,,,,,2026-08,0,PLZ-0479,,Fotografía de cierre agosto 2026.,Dato sintético. Base autorizada.,RRHH,Completo,Si
SYN-0480,Alex Demo Alba Alba,Empresa Demo Corporativa,syn-0480@demo.hccontrol.local,PMO,Oriol Demo Font,Proyectos,Oriol Demo Font,2018-01-25,Si,SID-0480,Base,Activo,Si,Estructural,Regular,,,,,2026-08,0,PLZ-0480,,Fotografía de cierre agosto 2026.,Dato sintético. Base autorizada.,RRHH,Completo,Si
SYN-0481,Aina Demo Bosch Duran,Empresa Demo Corporativa,syn-0481@demo.hccontrol.local,Analista de proyectos,Oriol Demo Font,Proyectos,Oriol Demo Font,2019-04-03,Si,SID-0481,Base,Activo,Si,Estructural,Regular,,,,,2026-08,0,PLZ-0481,,Fotografía de cierre agosto 2026.,Dato sintético. Base autorizada.,RRHH,Completo,Si
SYN-0482,Bruno Demo Casals Grau,Empresa Demo Corporativa,syn-0482@demo.hccontrol.local,Oficina de transformación,Oriol Demo Font,Proyectos,Oriol Demo Font,2020-07-08,Si,SID-0482,Base,Activo,Si,Estructural,Regular,,,,,2026-08,0,PLZ-0482,,Fotografía de cierre agosto 2026.,Dato sintético. Base autorizada.,RRHH,Completo,Si
SYN-0483,Carla Demo Duran Jové,Empresa Demo Corporativa,syn-0483@demo.hccontrol.local,Jefatura de proyecto,Oriol Demo Font,Proyectos,Oriol Demo Font,2021-10-13,Si,SID-0483,Base,Activo,Si,Estructural,Regular,,,,,2026-08,0,PLZ-0483,,Fotografía de cierre agosto 2026.,Dato sintético. Base autorizada.,RRHH,Completo,Si
SYN-0484,Duna Demo Espasa Nadal,Empresa Demo Corporativa,syn-0484@demo.hccontrol.local,PMO,Oriol Demo Font,Proyectos,Oriol Demo Font,2022-01-18,Si,SID-0484,Base,Activo,Si,Estructural,Regular,,,,,2026-08,0,PLZ-0484,,Fotografía de cierre agosto 2026.,Dato sintético. Base autorizada.,RRHH,Completo,Si
SYN-0485,Enric Demo Font Rius,Empresa Demo Corporativa,syn-0485@demo.hccontrol.local,Analista de proyectos,Oriol Demo Font,Proyectos,Oriol Demo Font,2023-04-23,Si,SID-0485,Base,Activo,Si,Estructural,Regular,,,,,2026-08,0,PLZ-0485,,Fotografía de cierre agosto 2026.,Dato sintético. Base autorizada.,RRHH,Completo,Si
SYN-0486,Ferran Demo Grau Ubach,Empresa Demo Corporativa,syn-0486@demo.hccontrol.local,Oficina de transformación,Oriol Demo Font,Proyectos,Oriol Demo Font,2024-07-01,Si,SID-0486,Base,Activo,Si,Estructural,Regular,,,,,2026-08,0,PLZ-0486,,Fotografía de cierre agosto 2026.,Dato sintético. Base autorizada.,RRHH,Completo,Si
SYN-0487,Gala Demo Homs Bosch,Empresa Demo Corporativa,syn-0487@demo.hccontrol.local,Jefatura de proyecto,Oriol Demo Font,Proyectos,Oriol Demo Font,2025-10-06,Si,SID-0487,Base,Activo,Si,Estructural,Regular,,,,,2026-08,0,PLZ-0487,,Fotografía de cierre agosto 2026.,Dato sintético. Base autorizada.,RRHH,Completo,Si
SYN-0488,Helena Demo Isern Espasa,Empresa Demo Corporativa,syn-0488@demo.hccontrol.local,PMO,Oriol Demo Font,Proyectos,Oriol Demo Font,2018-01-11,Si,SID-0488,Base,Activo,Si,Estructural,Regular,,,,,2026-08,0,PLZ-0488,,Fotografía de cierre agosto 2026.,Dato sintético. Base autorizada.,RRHH,Completo,Si
SYN-0489,Iria Demo Jové Homs,Empresa Demo Corporativa,syn-0489@demo.hccontrol.local,Analista de proyectos,Oriol Demo Font,Proyectos,Oriol Demo Font,2019-04-16,Si,SID-0489,Base,Activo,Si,Estructural,Regular,,,,,2026-08,0,PLZ-0489,,Fotografía de cierre agosto 2026.,Dato sintético. Base autorizada.,RRHH,Completo,Si
SYN-0490,Joel Demo Llobet Llobet,Empresa Demo Corporativa,syn-0490@demo.hccontrol.local,Oficina de transformación,Oriol Demo Font,Proyectos,Oriol Demo Font,2020-07-21,Si,SID-0490,Base,Activo,Si,Estructural,Regular,,,,,2026-08,0,PLZ-0490,,Fotografía de cierre agosto 2026.,Dato sintético. Base autorizada.,RRHH,Completo,Si
SYN-0491,Laia Demo Miró Olivé,Empresa Demo Corporativa,syn-0491@demo.hccontrol.local,Jefatura de proyecto,Oriol Demo Font,Proyectos,Oriol Demo Font,2021-10-26,Si,SID-0491,Base,Activo,Si,Estructural,Regular,,,,,2026-08,0,PLZ-0491,,Fotografía de cierre agosto 2026.,Dato sintético. Base autorizada.,RRHH,Completo,Si
SYN-0492,Marc Demo Nadal Serra,Empresa Demo Corporativa,syn-0492@demo.hccontrol.local,PMO,Oriol Demo Font,Proyectos,Oriol Demo Font,2022-01-04,Si,SID-0492,Base,Activo,Si,Estructural,Regular,,,,,2026-08,0,PLZ-0492,,Fotografía de cierre agosto 2026.,Dato sintético. Base autorizada.,RRHH,Completo,Si
SYN-0493,Noa Demo Olivé Vidal,Empresa Demo Corporativa,syn-0493@demo.hccontrol.local,Analista de proyectos,Oriol Demo Font,Proyectos,Oriol Demo Font,2023-04-09,Si,SID-0493,Base,Activo,Si,Estructural,Regular,,,,,2026-08,0,PLZ-0493,,Fotografía de cierre agosto 2026.,Dato sintético. Base autorizada.,RRHH,Completo,Si
SYN-0494,Ona Demo Pujol Casals,Empresa Demo Corporativa,syn-0494@demo.hccontrol.local,Oficina de transformación,Oriol Demo Font,Proyectos,Oriol Demo Font,2024-07-14,Si,SID-0494,Base,Activo,Si,Estructural,Regular,,,,,2026-08,0,PLZ-0494,,Fotografía de cierre agosto 2026.,Dato sintético. Base autorizada.,RRHH,Completo,Si
SYN-0495,Pau Demo Rius Font,Empresa Demo Corporativa,syn-0495@demo.hccontrol.local,Jefatura de proyecto,Oriol Demo Font,Proyectos,Oriol Demo Font,2025-10-19,Si,SID-0495,Base,Activo,Si,Estructural,Regular,,,,,2026-08,0,PLZ-0495,,Fotografía de cierre agosto 2026.,Dato sintético. Base autorizada.,RRHH,Completo,Si
SYN-0496,Queralt Demo Serra Isern,Empresa Demo Corporativa,syn-0496@demo.hccontrol.local,PMO,Oriol Demo Font,Proyectos,Oriol Demo Font,2018-01-24,Si,SID-0496,Base,Activo,Si,Estructural,Regular,,,,,2026-08,0,PLZ-0496,,Fotografía de cierre agosto 2026.,Dato sintético. Base autorizada.,RRHH,Completo,Si
SYN-0497,Roc Demo Tormo Miró,Empresa Demo Corporativa,syn-0497@demo.hccontrol.local,Analista de proyectos,Oriol Demo Font,Proyectos,Oriol Demo Font,2019-04-02,Si,SID-0497,Base,Activo,Si,Estructural,Regular,,,,,2026-08,0,PLZ-0497,,Fotografía de cierre agosto 2026.,Dato sintético. Base autorizada.,RRHH,Completo,Si
SYN-0498,Salma Demo Ubach Pujol,Empresa Demo Corporativa,syn-0498@demo.hccontrol.local,Oficina de transformación,Oriol Demo Font,Proyectos,Oriol Demo Font,2020-07-07,Si,SID-0498,Base,Activo,Si,Estructural,Regular,,,,,2026-08,0,PLZ-0498,,Fotografía de cierre agosto 2026.,Dato sintético. Base autorizada.,RRHH,Completo,Si
SYN-0499,Toni Demo Vidal Tormo,Empresa Demo Corporativa,syn-0499@demo.hccontrol.local,Jefatura de proyecto,Oriol Demo Font,Proyectos,Oriol Demo Font,2021-10-12,Si,SID-0499,Base,Activo,Si,Estructural,Regular,,,,,2026-08,0,PLZ-0499,,Fotografía de cierre agosto 2026.,Dato sintético. Base autorizada.,RRHH,Completo,Si
SYN-0500,Unai Demo Alba Alba,Empresa Demo Corporativa,syn-0500@demo.hccontrol.local,PMO,Oriol Demo Font,Proyectos,Oriol Demo Font,2022-01-17,Si,SID-0500,Base,Activo,Si,Estructural,Regular,,,,,2026-08,0,PLZ-0500,,Fotografía de cierre agosto 2026.,Dato sintético. Base autorizada.,RRHH,Completo,Si
SYN-0501,Vera Demo Bosch Duran,Empresa Demo Corporativa,syn-0501@demo.hccontrol.local,Analista de proyectos,Oriol Demo Font,Proyectos,Oriol Demo Font,2023-04-22,Si,SID-0501,Base,Activo,Si,Estructural,Regular,,,,,2026-08,0,PLZ-0501,,Fotografía de cierre agosto 2026.,Dato sintético. Base autorizada.,RRHH,Completo,Si
SYN-0502,Xenia Demo Casals Grau,Empresa Demo Corporativa,syn-0502@demo.hccontrol.local,Oficina de transformación,Oriol Demo Font,Proyectos,Oriol Demo Font,2024-07-27,Si,SID-0502,Base,Activo,Si,Estructural,Regular,,,,,2026-08,0,PLZ-0502,,Fotografía de cierre agosto 2026.,Dato sintético. Base autorizada.,RRHH,Completo,Si
SYN-0503,Yago Demo Duran Jové,Empresa Demo Corporativa,syn-0503@demo.hccontrol.local,Jefatura de proyecto,Oriol Demo Font,Proyectos,Oriol Demo Font,2025-10-05,Si,SID-0503,Base,Activo,Si,Estructural,Regular,,,,,2026-08,0,PLZ-0503,,Fotografía de cierre agosto 2026.,Dato sintético. Base autorizada.,RRHH,Completo,Si
SYN-0504,Zoe Demo Espasa Nadal,Empresa Demo Corporativa,syn-0504@demo.hccontrol.local,PMO,Oriol Demo Font,Proyectos,Oriol Demo Font,2018-01-10,Si,SID-0504,Base,Activo,Si,Estructural,Regular,,,,,2026-08,0,PLZ-0504,,Fotografía de cierre agosto 2026.,Dato sintético. Base autorizada.,RRHH,Completo,Si
SYN-0505,Berta Demo Font Rius,Empresa Demo Corporativa,syn-0505@demo.hccontrol.local,Analista de proyectos,Oriol Demo Font,Proyectos,Oriol Demo Font,2019-04-15,Si,SID-0505,Base,Activo,Si,Estructural,Regular,,,,,2026-08,0,PLZ-0505,,Fotografía de cierre agosto 2026.,Dato sintético. Base autorizada.,RRHH,Completo,Si
SYN-0506,Cesc Demo Grau Ubach,Empresa Demo Corporativa,syn-0506@demo.hccontrol.local,Oficina de transformación,Oriol Demo Font,Proyectos,Oriol Demo Font,2020-07-20,Si,SID-0506,Base,Activo,Si,Estructural,Regular,,,,,2026-08,0,PLZ-0506,,Fotografía de cierre agosto 2026.,Dato sintético. Base autorizada.,RRHH,Completo,Si
SYN-0507,Dídac Demo Homs Bosch,Empresa Demo Corporativa,syn-0507@demo.hccontrol.local,Jefatura de proyecto,Oriol Demo Font,Proyectos,Oriol Demo Font,2021-10-25,Si,SID-0507,Base,Activo,Si,Estructural,Regular,,,,,2026-08,0,PLZ-0507,,Fotografía de cierre agosto 2026.,Dato sintético. Base autorizada.,RRHH,Completo,Si
SYN-0508,Emma Demo Isern Espasa,Empresa Demo Corporativa,syn-0508@demo.hccontrol.local,PMO,Oriol Demo Font,Proyectos,Oriol Demo Font,2022-01-03,Si,SID-0508,Base,Activo,Si,Estructural,Regular,,,,,2026-08,0,PLZ-0508,,Fotografía de cierre agosto 2026.,Dato sintético. Base autorizada.,RRHH,Completo,Si
SYN-0509,Fran Demo Jové Homs,Empresa Demo Corporativa,syn-0509@demo.hccontrol.local,Analista de proyectos,Oriol Demo Font,Proyectos,Oriol Demo Font,2023-04-08,Si,SID-0509,Base,Activo,Si,Estructural,Regular,,,,,2026-08,0,PLZ-0509,,Fotografía de cierre agosto 2026.,Dato sintético. Base autorizada.,RRHH,Completo,Si
SYN-0510,Alex Demo Llobet Llobet,Empresa Demo Corporativa,syn-0510@demo.hccontrol.local,Oficina de transformación,Oriol Demo Font,Proyectos,Oriol Demo Font,2024-07-13,Si,SID-0510,Base,Activo,Si,Estructural,Regular,,,,,2026-08,0,PLZ-0510,,Fotografía de cierre agosto 2026.,Dato sintético. Base autorizada.,RRHH,Completo,Si
SYN-0511,Aina Demo Miró Olivé,Empresa Demo Corporativa,syn-0511@demo.hccontrol.local,Jefatura de proyecto,Oriol Demo Font,Proyectos,Oriol Demo Font,2025-10-18,Si,SID-0511,Base,Activo,Si,Estructural,Regular,,,,,2026-08,0,PLZ-0511,,Fotografía de cierre agosto 2026.,Dato sintético. Base autorizada.,RRHH,Completo,Si
SYN-0512,Bruno Demo Nadal Serra,Empresa Demo Corporativa,syn-0512@demo.hccontrol.local,PMO,Oriol Demo Font,Proyectos,Oriol Demo Font,2018-01-23,Si,SID-0512,Base,Activo,Si,Estructural,Regular,,,,,2026-08,0,PLZ-0512,,Fotografía de cierre agosto 2026.,Dato sintético. Base autorizada.,RRHH,Completo,Si
SYN-0513,Carla Demo Olivé Vidal,Empresa Demo Corporativa,syn-0513@demo.hccontrol.local,Analista de proyectos,Oriol Demo Font,Proyectos,Oriol Demo Font,2019-04-01,Si,SID-0513,Base,Activo,Si,Estructural,Regular,,,,,2026-08,0,PLZ-0513,,Fotografía de cierre agosto 2026.,Dato sintético. Base autorizada.,RRHH,Completo,Si
SYN-0514,Duna Demo Pujol Casals,Empresa Demo Corporativa,syn-0514@demo.hccontrol.local,Oficina de transformación,Oriol Demo Font,Proyectos,Oriol Demo Font,2020-07-06,Si,SID-0514,Base,Activo,Si,Estructural,Regular,,,,,2026-08,0,PLZ-0514,,Fotografía de cierre agosto 2026.,Dato sintético. Base autorizada.,RRHH,Completo,Si
SYN-I01,Vera Demo Bosch Duran,Empresa Demo Servicios,syn-i01@demo.hccontrol.local,Becario/a con incremento de HC,Marta Demo Rius,Operaciones,Marta Demo Rius,,Si,SID-I01,Incremento,Incorporacion_Prevista,Si,Incremento_Aprobado,Becarios,2026-09-15,,,,2026-09,1,PLZ-INC-01,,Incremento estructural aprobado. Crea plaza nueva.,Dato sintético. Fecha prevista = supuesto de diseño. Referencia de aprobación PENDIENTE.,Manual,Completo,Si
SYN-I02,Xenia Demo Casals Grau,Empresa Demo Servicios,syn-i02@demo.hccontrol.local,Becario/a con incremento de HC,Elena Demo Pujol,Comercial,Elena Demo Pujol,,Si,SID-I02,Incremento,Incorporacion_Prevista,Si,Incremento_Aprobado,Becarios,2026-09-15,,,,2026-09,1,PLZ-INC-02,,Incremento estructural aprobado. Crea plaza nueva.,Dato sintético. Fecha prevista = supuesto de diseño. Referencia de aprobación PENDIENTE.,Manual,Completo,Si
SYN-I03,Yago Demo Duran Jové,Empresa Demo Corporativa,syn-i03@demo.hccontrol.local,Becario/a con incremento de HC,Pol Demo Ferrer,Tecnología,Pol Demo Ferrer,,Si,SID-I03,Incremento,Incorporacion_Prevista,Si,Incremento_Aprobado,Becarios,2026-09-15,,,,2026-09,1,PLZ-INC-03,,Incremento estructural aprobado. Crea plaza nueva.,Dato sintético. Fecha prevista = supuesto de diseño. Referencia de aprobación PENDIENTE.,Manual,Completo,Si
SYN-I04,Zoe Demo Espasa Nadal,Empresa Demo Corporativa,syn-i04@demo.hccontrol.local,Becario/a con incremento de HC,Hugo Demo Serra,Finanzas,Hugo Demo Serra,,Si,SID-I04,Incremento,Incorporacion_Prevista,Si,Incremento_Aprobado,Becarios,2026-09-15,,,,2026-09,1,PLZ-INC-04,,Incremento estructural aprobado. Crea plaza nueva.,Dato sintético. Fecha prevista = supuesto de diseño. Referencia de aprobación PENDIENTE.,Manual,Completo,Si
SYN-I05,Berta Demo Font Rius,Empresa Demo Corporativa,syn-i05@demo.hccontrol.local,Becario/a con incremento de HC,Oriol Demo Font,Proyectos,Oriol Demo Font,,Si,SID-I05,Incremento,Incorporacion_Prevista,Si,Incremento_Aprobado,Becarios,2026-09-15,,,,2026-09,1,PLZ-INC-05,,Incremento estructural aprobado. Crea plaza nueva.,Dato sintético. Fecha prevista = supuesto de diseño. Referencia de aprobación PENDIENTE.,Manual,Completo,Si
SYN-I06,Cesc Demo Grau Ubach,Empresa Demo Servicios,syn-i06@demo.hccontrol.local,Becario/a con incremento de HC,Paula Demo Rovira,Calidad,Paula Demo Rovira,,Si,SID-I06,Incremento,Incorporacion_Prevista,Si,Incremento_Aprobado,Becarios,2026-09-15,,,,2026-09,1,PLZ-INC-06,,Incremento estructural aprobado. Crea plaza nueva.,Dato sintético. Fecha prevista = supuesto de diseño. Referencia de aprobación PENDIENTE.,Manual,Completo,Si
SYN-I07,Dídac Demo Homs Bosch,Empresa Demo Corporativa,syn-i07@demo.hccontrol.local,Incorporación RRLL con incremento de HC,Joan Demo Vidal,Relaciones Laborales,Joan Demo Vidal,,Si,SID-I07,Incremento,Incorporacion_Prevista,Si,Incremento_Aprobado,RRLL,2026-09-22,,,,2026-09,1,PLZ-INC-07,,Incremento estructural aprobado. Crea plaza nueva.,Dato sintético. Fecha prevista = supuesto de diseño. Referencia de aprobación PENDIENTE.,Manual,Completo,Si
SYN-I08,Emma Demo Isern Espasa,Empresa Demo Servicios,,Posición adicional aprobada,Marta Demo Rius,Operaciones,Marta Demo Rius,,Si,SID-I08,Incremento,Incorporacion_Prevista,Si,Incremento_Aprobado,Incremento_Estructural,2026-10-01,,,,2026-10,1,PLZ-INC-08,,Incremento estructural aprobado. Crea plaza nueva.,Dato sintético. Fecha prevista = supuesto de diseño. Referencia de aprobación PENDIENTE.,Manual,Completo,Si
SYN-I09,Fran Demo Jové Homs,Empresa Demo Servicios,,Posición adicional aprobada,Elena Demo Pujol,Comercial,Elena Demo Pujol,,Si,SID-I09,Incremento,Incorporacion_Prevista,Si,Incremento_Aprobado,Incremento_Estructural,2026-10-01,,,,2026-10,1,PLZ-INC-09,,Incremento estructural aprobado. Crea plaza nueva.,Dato sintético. Fecha prevista = supuesto de diseño. Referencia de aprobación PENDIENTE.,Manual,Completo,Si
SYN-I10,Alex Demo Llobet Llobet,Empresa Demo Corporativa,,Posición adicional aprobada,Pol Demo Ferrer,Tecnología,Pol Demo Ferrer,,Si,SID-I10,Incremento,Incorporacion_Prevista,Si,Incremento_Aprobado,Incremento_Estructural,2026-11-03,,,,2026-11,1,PLZ-INC-10,,Incremento estructural aprobado. Crea plaza nueva.,Dato sintético. Fecha prevista = supuesto de diseño. Referencia de aprobación PENDIENTE.,Manual,Completo,Si
SYN-I11,Aina Demo Miró Olivé,Empresa Demo Corporativa,,Posición adicional aprobada,Hugo Demo Serra,Finanzas,Hugo Demo Serra,,Si,SID-I11,Incremento,Incorporacion_Prevista,Si,Incremento_Aprobado,Incremento_Estructural,2026-11-03,,,,2026-11,1,PLZ-INC-11,,Incremento estructural aprobado. Crea plaza nueva.,Dato sintético. Fecha prevista = supuesto de diseño. Referencia de aprobación PENDIENTE.,Manual,Completo,Si
SYN-I12,Bruno Demo Nadal Serra,Empresa Demo Corporativa,,Posición adicional aprobada,Oriol Demo Font,Proyectos,Oriol Demo Font,,Si,SID-I12,Incremento,Incorporacion_Prevista,Si,Incremento_Aprobado,Incremento_Estructural,2026-11-03,,,,2026-11,1,PLZ-INC-12,,Incremento estructural aprobado. Crea plaza nueva.,Dato sintético. Fecha prevista = supuesto de diseño. Referencia de aprobación PENDIENTE.,Manual,Completo,Si
SYN-I13,Carla Demo Olivé Vidal,Empresa Demo Corporativa,,Posición adicional aprobada,Irene Demo Casals,Recursos Humanos,Irene Demo Casals,,Si,SID-I13,Incremento,Incorporacion_Prevista,Si,Incremento_Aprobado,Incremento_Estructural,2026-12-01,,,,2026-12,1,PLZ-INC-13,,Incremento estructural aprobado. Crea plaza nueva.,Dato sintético. Fecha prevista = supuesto de diseño. Referencia de aprobación PENDIENTE.,Manual,Completo,Si
SYN-S01,Aina Demo Bosch Duran,Empresa Demo Servicios,syn-s01@demo.hccontrol.local,Becario/a sustituto CEV,Marta Demo Rius,Operaciones,Marta Demo Rius,,Si,SID-S01,Sustitucion,Incorporacion_Prevista,Si,CEV_Sustitucion,CEV,2026-11-03,,,,2026-11,0,PLZ-0077,SYN-0077,Sustitución CEV. Reutiliza la plaza existente. No crea HC nuevo.,Dato sintético. Impacto neto del programa CEV = 0. Fecha = supuesto de diseño.,Manual,Completo,Si
SYN-S02,Bruno Demo Casals Grau,Empresa Demo Servicios,syn-s02@demo.hccontrol.local,Becario/a sustituto CEV,Marta Demo Rius,Operaciones,Marta Demo Rius,,Si,SID-S02,Sustitucion,Incorporacion_Prevista,Si,CEV_Sustitucion,CEV,2026-11-03,,,,2026-11,0,PLZ-0117,SYN-0117,Sustitución CEV. Reutiliza la plaza existente. No crea HC nuevo.,Dato sintético. Impacto neto del programa CEV = 0. Fecha = supuesto de diseño.,Manual,Completo,Si
SYN-S03,Carla Demo Duran Jové,Empresa Demo Servicios,syn-s03@demo.hccontrol.local,Becario/a sustituto CEV,Marta Demo Rius,Operaciones,Marta Demo Rius,,Si,SID-S03,Sustitucion,Incorporacion_Prevista,Si,CEV_Sustitucion,CEV,2026-11-03,,,,2026-11,0,PLZ-0157,SYN-0157,Sustitución CEV. Reutiliza la plaza existente. No crea HC nuevo.,Dato sintético. Impacto neto del programa CEV = 0. Fecha = supuesto de diseño.,Manual,Completo,Si
SYN-S04,Duna Demo Espasa Nadal,Empresa Demo Corporativa,syn-s04@demo.hccontrol.local,Becario/a sustituto CEV,Pol Demo Ferrer,Tecnología,Pol Demo Ferrer,,Si,SID-S04,Sustitucion,Incorporacion_Prevista,Si,CEV_Sustitucion,CEV,2026-11-03,,,,2026-11,0,PLZ-0202,SYN-0202,Sustitución CEV. Reutiliza la plaza existente. No crea HC nuevo.,Dato sintético. Impacto neto del programa CEV = 0. Fecha = supuesto de diseño.,Manual,Completo,Si
SYN-S05,Enric Demo Font Rius,Empresa Demo Corporativa,syn-s05@demo.hccontrol.local,Becario/a sustituto CEV,Pol Demo Ferrer,Tecnología,Pol Demo Ferrer,,Si,SID-S05,Sustitucion,Incorporacion_Prevista,Si,CEV_Sustitucion,CEV,2026-11-03,,,,2026-11,0,PLZ-0232,SYN-0232,Sustitución CEV. Reutiliza la plaza existente. No crea HC nuevo.,Dato sintético. Impacto neto del programa CEV = 0. Fecha = supuesto de diseño.,Manual,Completo,Si
SYN-S06,Ferran Demo Grau Ubach,Empresa Demo Corporativa,syn-s06@demo.hccontrol.local,Becario/a sustituto CEV,Pol Demo Ferrer,Tecnología,Pol Demo Ferrer,,Si,SID-S06,Sustitucion,Incorporacion_Prevista,Si,CEV_Sustitucion,CEV,2026-11-03,,,,2026-11,0,PLZ-0267,SYN-0267,Sustitución CEV. Reutiliza la plaza existente. No crea HC nuevo.,Dato sintético. Impacto neto del programa CEV = 0. Fecha = supuesto de diseño.,Manual,Completo,Si
SYN-S07,Gala Demo Homs Bosch,Empresa Demo Servicios,syn-s07@demo.hccontrol.local,Becario/a sustituto CEV,Elena Demo Pujol,Comercial,Elena Demo Pujol,,Si,SID-S07,Sustitucion,Incorporacion_Prevista,Si,CEV_Sustitucion,CEV,2026-11-03,,,,2026-11,0,PLZ-0289,SYN-0289,Sustitución CEV. Reutiliza la plaza existente. No crea HC nuevo.,Dato sintético. Impacto neto del programa CEV = 0. Fecha = supuesto de diseño.,Manual,Completo,Si
SYN-S08,Helena Demo Isern Espasa,Empresa Demo Servicios,syn-s08@demo.hccontrol.local,Becario/a sustituto CEV,Elena Demo Pujol,Comercial,Elena Demo Pujol,,Si,SID-S08,Sustitucion,Incorporacion_Prevista,Si,CEV_Sustitucion,CEV,2026-11-03,,,,2026-11,0,PLZ-0319,SYN-0319,Sustitución CEV. Reutiliza la plaza existente. No crea HC nuevo.,Dato sintético. Impacto neto del programa CEV = 0. Fecha = supuesto de diseño.,Manual,Completo,Si
SYN-S09,Iria Demo Jové Homs,Empresa Demo Servicios,syn-s09@demo.hccontrol.local,Becario/a sustituto CEV,Elena Demo Pujol,Comercial,Elena Demo Pujol,,Si,SID-S09,Sustitucion,Incorporacion_Prevista,Si,CEV_Sustitucion,CEV,2026-11-03,,,,2026-11,0,PLZ-0359,SYN-0359,Sustitución CEV. Reutiliza la plaza existente. No crea HC nuevo.,Dato sintético. Impacto neto del programa CEV = 0. Fecha = supuesto de diseño.,Manual,Completo,Si
SYN-X01,Vera Demo Miró Olivé,Empresa Demo Servicios,syn-x01@demo.hccontrol.local,Colaboración externa (no HC),Marta Demo Rius,Operaciones,Marta Demo Rius,2026-03-01,No,SID-X01,Fuera_HC,Activo,No,Fuera_Estructura,Regular,,,,,2026-08,0,,,No computa en headcount estructural.,Dato sintético de control. Debe permanecer fuera del recuento 514/527.,Manual,Completo,Si
SYN-X02,Xenia Demo Nadal Serra,Empresa Demo Servicios,syn-x02@demo.hccontrol.local,Colaboración externa (no HC),Marta Demo Rius,Operaciones,Marta Demo Rius,2026-03-01,No,SID-X02,Fuera_HC,Activo,No,Fuera_Estructura,Regular,,,,,2026-08,0,,,No computa en headcount estructural.,Dato sintético de control. Debe permanecer fuera del recuento 514/527.,Manual,Completo,Si
SYN-X03,Yago Demo Olivé Vidal,Empresa Demo Servicios,syn-x03@demo.hccontrol.local,Colaboración externa (no HC),Marta Demo Rius,Operaciones,Marta Demo Rius,2026-03-01,No,SID-X03,Fuera_HC,Activo,No,Fuera_Estructura,Regular,,,,,2026-08,0,,,No computa en headcount estructural.,Dato sintético de control. Debe permanecer fuera del recuento 514/527.,Manual,Completo,Si
SYN-X04,Zoe Demo Pujol Casals,Empresa Demo Servicios,syn-x04@demo.hccontrol.local,Colaboración externa (no HC),Marta Demo Rius,Operaciones,Marta Demo Rius,2026-03-01,No,SID-X04,Fuera_HC,Activo,No,Fuera_Estructura,Regular,,,,,2026-08,0,,,No computa en headcount estructural.,Dato sintético de control. Debe permanecer fuera del recuento 514/527.,Manual,Completo,Si
SYN-X05,Berta Demo Rius Font,Empresa Demo Servicios,syn-x05@demo.hccontrol.local,Colaboración externa (no HC),Marta Demo Rius,Operaciones,Marta Demo Rius,2026-03-01,No,SID-X05,Fuera_HC,Activo,No,Fuera_Estructura,Regular,,,,,2026-08,0,,,No computa en headcount estructural.,Dato sintético de control. Debe permanecer fuera del recuento 514/527.,Manual,Completo,Si
SYN-X06,Cesc Demo Serra Isern,Empresa Demo Servicios,syn-x06@demo.hccontrol.local,Colaboración externa (no HC),Marta Demo Rius,Operaciones,Marta Demo Rius,2026-03-01,No,SID-X06,Fuera_HC,Activo,No,Fuera_Estructura,Regular,,,,,2026-08,0,,,No computa en headcount estructural.,Dato sintético de control. Debe permanecer fuera del recuento 514/527.,Manual,Completo,Si
SYN-0007,Gala Demo Homs Bosch (duplicado),Empresa Demo Corporativa,syn-0007@demo.hccontrol.local,Tesorería,Hugo Demo Serra,Finanzas,Hugo Demo Serra,2025-10-09,No,SID-0007,Fuera_HC,Activo,No,Fuera_Estructura,Regular,,,,,2026-08,0,,,Registro duplicado de matrícula para prueba de calidad. No computa.,Incidencia de calidad sintética. Debe detectarse por matrícula repetida.,Manual,Duplicado,Si
SYN-INC01,Persona Demo Incompleta Uno,Empresa Demo Corporativa,syn-inc01@demo.hccontrol.local,Puesto no informado en unidad,,,,,Si,,Incremento,Incorporacion_Prevista,No,Incremento_Aprobado,Incremento_Estructural,2026-10-15,,,,,1,,,Caso de prueba: falta unidad organizativa.,Incompleto sintético. No forma parte del +13 aprobado.,Manual,Incompleto,Si
SYN-INC02,Persona Demo Incompleta Dos,Empresa Demo Corporativa,,Analista,Pol Demo Ferrer,Tecnología,Pol Demo Ferrer,,Si,,Base,Activo,No,Estructural,Regular,,,,,2026-08,0,,,Caso de prueba: falta correo y no computa hasta completar.,Incompleto sintético. Excluido del HC actual para no distorsionar 514.,Manual,Incompleto,Si
